-- phpMyAdmin SQL Dump
-- version 5.2.0
-- https://www.phpmyadmin.net/
--
-- Host: localhost:3306
-- Generation Time: Aug 07, 2024 at 03:28 AM
-- Server version: 8.0.30
-- PHP Version: 7.4.13

SET SQL_MODE = "NO_AUTO_VALUE_ON_ZERO";
START TRANSACTION;
SET time_zone = "+00:00";


/*!40101 SET @OLD_CHARACTER_SET_CLIENT=@@CHARACTER_SET_CLIENT */;
/*!40101 SET @OLD_CHARACTER_SET_RESULTS=@@CHARACTER_SET_RESULTS */;
/*!40101 SET @OLD_COLLATION_CONNECTION=@@COLLATION_CONNECTION */;
/*!40101 SET NAMES utf8mb4 */;

--
-- Database: `intisar`
--

-- --------------------------------------------------------

--
-- Table structure for table `algeria_cities`
--

CREATE TABLE `algeria_cities` (
  `id` int NOT NULL,
  `commune_name` varchar(255) NOT NULL,
  `daira_name` varchar(255) NOT NULL,
  `wilaya_code` varchar(4) NOT NULL,
  `wilaya_name` varchar(255) NOT NULL
) ENGINE=InnoDB DEFAULT CHARSET=utf8mb4 COLLATE=utf8mb4_general_ci;

--
-- Dumping data for table `algeria_cities`
--

INSERT INTO `algeria_cities` (`id`, `commune_name`, `daira_name`, `wilaya_code`, `wilaya_name`) VALUES
(1, 'أدرار', 'أدرار', '01', 'أدرار'),
(2, 'اقبلي', 'أولف', '01', 'أدرار'),
(3, 'أوقروت', 'أوقروت', '49', 'تيميمون'),
(4, 'أولف', 'أولف', '01', 'أدرار'),
(5, 'برج باجي مختار', 'برج باجي مختار', '50', 'برج باجي مختار'),
(6, 'بودة', 'أدرار', '01', 'أدرار'),
(7, 'شروين', 'شروين', '49', 'تيميمون'),
(8, 'دلدول', 'أوقروت', '49', 'تيميمون'),
(9, 'فنوغيل', 'فنوغيل', '01', 'أدرار'),
(10, 'إن زغمير', 'زاوية كنتة', '01', 'أدرار'),
(11, 'قصر قدور', 'تنركوك', '49', 'تيميمون'),
(12, 'المطارفة', 'أوقروت', '49', 'تيميمون'),
(13, 'أولاد أحمد تيمي', 'أدرار', '01', 'أدرار'),
(14, 'أولاد عيسى', 'شروين', '49', 'تيميمون'),
(15, 'أولاد السعيد', 'تيميمون', '49', 'تيميمون'),
(16, 'رقان', 'رقان', '01', 'أدرار'),
(17, 'سالي', 'رقان', '01', 'أدرار'),
(18, 'السبع', 'تسابيت', '01', 'أدرار'),
(19, 'طالمين', 'شروين', '49', 'تيميمون'),
(20, 'تامنطيط', 'فنوغيل', '01', 'أدرار'),
(21, 'تامست', 'فنوغيل', '01', 'أدرار'),
(22, 'تيمقتن', 'أولف', '01', 'أدرار'),
(23, 'تيمياوين', 'برج باجي مختار', '50', 'برج باجي مختار'),
(24, 'تيميمون', 'تيميمون', '49', 'تيميمون'),
(25, 'تنركوك', 'تنركوك', '49', 'تيميمون'),
(26, 'تيت', 'أولف', '01', 'أدرار'),
(27, 'تسابيت', 'تسابيت', '01', 'أدرار'),
(28, 'زاوية كنتة', 'زاوية كنتة', '01', 'أدرار'),
(29, 'أبو الحسن', 'أبو الحسن', '02', ' الشلف'),
(30, 'عين مران', 'عين مران', '02', ' الشلف'),
(31, 'بنايرية', 'الزبوجة', '02', ' الشلف'),
(32, 'بني بوعتاب', 'الكريمية', '02', ' الشلف'),
(33, 'بني حواء', 'بني حواء', '02', ' الشلف'),
(34, 'بني راشد', 'وادي الفضة', '02', ' الشلف'),
(35, 'بوقادير', 'بوقادير', '02', ' الشلف'),
(36, 'بوزغاية', 'الزبوجة', '02', ' الشلف'),
(37, 'بريرة', 'بني حواء', '02', ' الشلف'),
(38, 'الشطية', 'أولاد فارس', '02', ' الشلف'),
(39, 'الشلف', 'الشلف', '02', ' الشلف'),
(40, 'الظهرة', 'تاوقريت', '02', ' الشلف'),
(41, 'الحجاج', 'أولاد بن عبد القادر', '02', ' الشلف'),
(42, 'الكريمية', 'الكريمية', '02', ' الشلف'),
(43, 'المرسى', 'المرسى', '02', ' الشلف'),
(44, 'حرشون', 'الكريمية', '02', ' الشلف'),
(45, 'الهرانفة', 'عين مران', '02', ' الشلف'),
(46, 'الأبيض مجاجة', 'أولاد فارس', '02', ' الشلف'),
(47, 'مصدق', 'المرسى', '02', ' الشلف'),
(48, 'وادي الفضة', 'وادي الفضة', '02', ' الشلف'),
(49, 'وادي قوسين', 'بني حواء', '02', ' الشلف'),
(50, 'وادي سلي', 'بوقادير', '02', ' الشلف'),
(51, 'أولاد عباس', 'وادي الفضة', '02', ' الشلف'),
(52, 'أولاد بن عبد القادر', 'أولاد بن عبد القادر', '02', ' الشلف'),
(53, 'أولاد فارس', 'أولاد فارس', '02', ' الشلف'),
(54, 'أم الدروع', 'الشلف', '02', ' الشلف'),
(55, 'سنجاس', 'الشلف', '02', ' الشلف'),
(56, 'سيدي عبد الرحمن', 'تنس', '02', ' الشلف'),
(57, 'سيدي عكاشة', 'تنس', '02', ' الشلف'),
(58, 'الصبحة', 'بوقادير', '02', ' الشلف'),
(59, 'تاجنة', 'أبو الحسن', '02', ' الشلف'),
(60, 'تلعصة', 'أبو الحسن', '02', ' الشلف'),
(61, 'تاوقريت', 'تاوقريت', '02', ' الشلف'),
(62, 'تنس', 'تنس', '02', ' الشلف'),
(63, 'الزبوجة', 'الزبوجة', '02', ' الشلف'),
(64, 'أفلو', 'أفلو', '03', 'الأغواط'),
(65, 'عين ماضي', 'عين ماضي', '03', 'الأغواط'),
(66, 'عين سيدي علي', 'قتلة سيدي سعيد', '03', 'الأغواط'),
(67, 'البيضاء', 'قتلة سيدي سعيد', '03', 'الأغواط'),
(68, 'بن ناصر بن شهرة', 'قصر الحيران', '03', 'الأغواط'),
(69, 'بريدة', 'بريدة', '03', 'الأغواط'),
(70, 'العسافية', 'سيدي مخلوف', '03', 'الأغواط'),
(71, 'الغيشة', 'الغيشة', '03', 'الأغواط'),
(72, 'الحويطة', 'عين ماضي', '03', 'الأغواط'),
(73, 'قلتة سيدي سعد', 'قتلة سيدي سعيد', '03', 'الأغواط'),
(74, 'الحاج مشري', 'بريدة', '03', 'الأغواط'),
(75, 'حاسي الدلاعة', 'حاسي الرمل', '03', 'الأغواط'),
(76, 'حاسي الرمل', 'حاسي الرمل', '03', 'الأغواط'),
(77, 'الخنق', 'عين ماضي', '03', 'الأغواط'),
(78, 'قصر الحيران', 'قصر الحيران', '03', 'الأغواط'),
(79, 'الأغواط', 'الأغواط', '03', 'الأغواط'),
(80, 'وادي مرة', 'وادي مرة', '03', 'الأغواط'),
(81, 'وادي مزي', 'وادي مرة', '03', 'الأغواط'),
(82, 'سبقاق', 'أفلو', '03', 'الأغواط'),
(83, 'سيدي بوزيد', 'أفلو', '03', 'الأغواط'),
(84, 'سيدي مخلوف', 'سيدي مخلوف', '03', 'الأغواط'),
(85, 'تاجموت', 'عين ماضي', '03', 'الأغواط'),
(86, 'تاجرونة', 'عين ماضي', '03', 'الأغواط'),
(87, 'تاويالة', 'بريدة', '03', 'الأغواط'),
(88, 'عين ببوش', 'عين ببوش', '04', 'أم البواقي'),
(89, 'عين البيضاء', 'عين البيضاء', '04', 'أم البواقي'),
(90, 'عين الديس', 'عين ببوش', '04', 'أم البواقي'),
(91, 'عين فكرون', 'عين فكرون', '04', 'أم البواقي'),
(92, 'عين كرشة', 'عين كرشة', '04', 'أم البواقي'),
(93, 'عين مليلة', 'عين مليلة', '04', 'أم البواقي'),
(94, 'عين الزيتون', 'أم البواقي', '04', 'أم البواقي'),
(95, 'بحير الشرقي', 'مسكيانة', '04', 'أم البواقي'),
(96, 'بريش', 'عين البيضاء', '04', 'أم البواقي'),
(97, 'بئر الشهداء', 'سوق نعمان', '04', 'أم البواقي'),
(98, 'الضلعة', 'الضلعة', '04', 'أم البواقي'),
(99, 'العامرية', 'سيقوس', '04', 'أم البواقي'),
(100, 'البلالة', 'مسكيانة', '04', 'أم البواقي'),
(101, 'الجازية', 'الضلعة', '04', 'أم البواقي'),
(102, 'الفجوج بوغرارة سعودي', 'عين فكرون', '04', 'أم البواقي'),
(103, 'الحرملية', 'عين كرشة', '04', 'أم البواقي'),
(104, 'فكيرينة', 'فكيرينة', '04', 'أم البواقي'),
(105, 'هنشير تومغني', 'عين كرشة', '04', 'أم البواقي'),
(106, 'قصر الصباحي', 'قصر الصباحي', '04', 'أم البواقي'),
(107, 'مسكيانة', 'مسكيانة', '04', 'أم البواقي'),
(108, 'وادي نيني', 'فكيرينة', '04', 'أم البواقي'),
(109, 'أولاد قاسم', 'عين مليلة', '04', 'أم البواقي'),
(110, 'أولاد حملة', 'عين مليلة', '04', 'أم البواقي'),
(111, 'أولاد زواي', 'سوق نعمان', '04', 'أم البواقي'),
(112, 'أم البواقي', 'أم البواقي', '04', 'أم البواقي'),
(113, 'الرحية', 'مسكيانة', '04', 'أم البواقي'),
(114, 'سيقوس', 'سيقوس', '04', 'أم البواقي'),
(115, 'سوق نعمان', 'سوق نعمان', '04', 'أم البواقي'),
(116, 'الزرق', 'عين البيضاء', '04', 'أم البواقي'),
(117, 'عين جاسر', 'عين جاسر', '05', 'باتنة'),
(118, 'عين التوتة', 'عين التوتة', '05', 'باتنة'),
(119, 'عين ياقوت', 'المعذر', '05', 'باتنة'),
(120, 'أريس', 'أريس', '05', 'باتنة'),
(121, 'عزيل عبد القادر', 'الجزار', '05', 'باتنة'),
(122, 'بريكة', 'بريكة', '05', 'باتنة'),
(123, 'باتنة', 'باتنة', '05', 'باتنة'),
(124, 'بني فضالة الحقانية', 'عين التوتة', '05', 'باتنة'),
(125, 'بيطام', 'بريكة', '05', 'باتنة'),
(126, 'بولهيلات', 'الشمرة', '05', 'باتنة'),
(127, 'بومقر', 'نقاوس', '05', 'باتنة'),
(128, 'بومية', 'المعذر', '05', 'باتنة'),
(129, 'بوزينة', 'بوزينة', '05', 'باتنة'),
(130, 'الشمرة', 'الشمرة', '05', 'باتنة'),
(131, 'شير', 'ثنية العابد', '05', 'باتنة'),
(132, 'جرمة', 'المعذر', '05', 'باتنة'),
(133, 'الجزار', 'الجزار', '05', 'باتنة'),
(134, 'الحاسي', 'عين جاسر', '05', 'باتنة'),
(135, 'المعذر', 'المعذر', '05', 'باتنة'),
(136, 'فسديس', 'باتنة', '05', 'باتنة'),
(137, 'فم الطوب', 'إشمول', '05', 'باتنة'),
(138, 'غسيرة', 'تكوت', '05', 'باتنة'),
(139, 'القصبات', 'رأس العيون', '05', 'باتنة'),
(140, 'القيقبة', 'رأس العيون', '05', 'باتنة'),
(141, 'حيدوسة', 'مروانة', '05', 'باتنة'),
(142, 'إشمول', 'إشمول', '05', 'باتنة'),
(143, 'إينوغيسن', 'إشمول', '05', 'باتنة'),
(144, 'كيمل', 'تكوت', '05', 'باتنة'),
(145, 'قصر بلزمة', 'مروانة', '05', 'باتنة'),
(146, 'لارباع', 'بوزينة', '05', 'باتنة'),
(147, 'لازرو', 'سريانة', '05', 'باتنة'),
(148, 'لمسان', 'أولاد سي سليمان', '05', 'باتنة'),
(149, 'إمدوكل', 'بريكة', '05', 'باتنة'),
(150, 'معافة', 'عين التوتة', '05', 'باتنة'),
(151, 'منعة', 'منعة', '05', 'باتنة'),
(152, 'مروانة', 'مروانة', '05', 'باتنة'),
(153, 'نقاوس', 'نقاوس', '05', 'باتنة'),
(154, 'وادي الشعبة', 'باتنة', '05', 'باتنة'),
(155, 'وادي الماء', 'مروانة', '05', 'باتنة'),
(156, 'وادي الطاقة', 'ثنية العابد', '05', 'باتنة'),
(157, 'أولاد عمار', 'الجزار', '05', 'باتنة'),
(158, 'أولاد عوف', 'عين التوتة', '05', 'باتنة'),
(159, 'أولاد فاضل', 'تيمقاد', '05', 'باتنة'),
(160, 'أولاد سلام', 'رأس العيون', '05', 'باتنة'),
(161, 'أولاد سي سليمان', 'أولاد سي سليمان', '05', 'باتنة'),
(162, 'عيون العصافير', 'تازولت', '05', 'باتنة'),
(163, 'الرحبات', 'رأس العيون', '05', 'باتنة'),
(164, 'رأس العيون', 'رأس العيون', '05', 'باتنة'),
(165, 'سفيان', 'نقاوس', '05', 'باتنة'),
(166, 'سقانة', 'سقانة', '05', 'باتنة'),
(167, 'سريانة', 'سريانة', '05', 'باتنة'),
(168, 'تكوت', 'تكوت', '05', 'باتنة'),
(169, 'تالخمت', 'رأس العيون', '05', 'باتنة'),
(170, 'تاكسلانت', 'أولاد سي سليمان', '05', 'باتنة'),
(171, 'تازولت', 'تازولت', '05', 'باتنة'),
(172, 'ثنية العابد', 'ثنية العابد', '05', 'باتنة'),
(173, 'تيغانمين', 'أريس', '05', 'باتنة'),
(174, 'تغرغار', 'منعة', '05', 'باتنة'),
(175, 'تيلاطو', 'سقانة', '05', 'باتنة'),
(176, 'تيمقاد', 'تيمقاد', '05', 'باتنة'),
(177, 'زانة البيضاء', 'سريانة', '05', 'باتنة'),
(178, 'أدكار', 'أدكار', '06', ' بجاية'),
(179, 'أيت رزين', 'إغيل علي', '06', ' بجاية'),
(180, 'أيت إسماعيل', 'درقينة', '06', ' بجاية'),
(181, 'أقبو', 'أقبو', '06', ' بجاية'),
(182, 'أكفادو', 'شميني', '06', ' بجاية'),
(183, 'أمالو', 'صدوق', '06', ' بجاية'),
(184, 'أميزور', 'أميزور', '06', ' بجاية'),
(185, 'أوقاس', 'أوقاس', '06', ' بجاية'),
(186, 'برباشة', 'برباشة', '06', ' بجاية'),
(187, 'بجاية', 'بجاية', '06', ' بجاية'),
(188, 'بني جليل', 'أميزور', '06', ' بجاية'),
(189, 'بني كسيلة', 'أدكار', '06', ' بجاية'),
(190, 'بني مليكش', 'تازملت', '06', ' بجاية'),
(191, 'بني معوش', 'بني معوش', '06', ' بجاية'),
(192, 'بو جليل', 'تازملت', '06', ' بجاية'),
(193, 'بوحمزة', 'صدوق', '06', ' بجاية'),
(194, 'بوخليفة', 'تيشي', '06', ' بجاية'),
(195, 'شلاطة', 'أقبو', '06', ' بجاية'),
(196, 'شميني', 'شميني', '06', ' بجاية'),
(197, 'درقينة', 'درقينة', '06', ' بجاية'),
(198, 'ذراع القايد', 'خراطة', '06', ' بجاية'),
(199, 'الفلاي', 'سيدي عيش', '06', ' بجاية'),
(200, 'القصر', 'القصر', '06', ' بجاية'),
(201, 'فناية الماثن', 'القصر', '06', ' بجاية'),
(202, 'فرعون', 'أميزور', '06', ' بجاية'),
(203, 'أوزلاقن', 'إفري أوزلاقن', '06', ' بجاية'),
(204, 'إغيل علي', 'إغيل علي', '06', ' بجاية'),
(205, 'اغرم', 'أقبو', '06', ' بجاية'),
(206, 'كنديرة', 'برباشة', '06', ' بجاية'),
(207, 'خراطة', 'خراطة', '06', ' بجاية'),
(208, 'مسيسنة', 'صدوق', '06', ' بجاية'),
(209, 'مالبو', 'سوق الإثنين', '06', ' بجاية'),
(210, 'وادي غير', 'بجاية', '06', ' بجاية'),
(211, 'صدوق', 'صدوق', '06', ' بجاية'),
(212, 'سيدي عياد', 'سيدي عيش', '06', ' بجاية'),
(213, 'سيدي عيش', 'سيدي عيش', '06', ' بجاية'),
(214, 'سمعون', 'أميزور', '06', ' بجاية'),
(215, 'سوق لإثنين', 'سوق الإثنين', '06', ' بجاية'),
(216, 'سوق اوفلا', 'شميني', '06', ' بجاية'),
(217, 'تالة حمزة', 'تيشي', '06', ' بجاية'),
(218, 'تامقرة', 'أقبو', '06', ' بجاية'),
(219, 'تامريجت', 'سوق الإثنين', '06', ' بجاية'),
(220, 'تاوريرت إغيل', 'أدكار', '06', ' بجاية'),
(221, 'تاسكريوت', 'درقينة', '06', ' بجاية'),
(222, 'تازمالت', 'تازملت', '06', ' بجاية'),
(223, 'طيبان', 'شميني', '06', ' بجاية'),
(224, 'تيشي', 'تيشي', '06', ' بجاية'),
(225, 'تيفرة', 'سيدي عيش', '06', ' بجاية'),
(226, 'تيمزريت', 'تيمزريت', '06', ' بجاية'),
(227, 'تينبدار', 'سيدي عيش', '06', ' بجاية'),
(228, 'تيزي نبربر', 'أوقاس', '06', ' بجاية'),
(229, 'توجة', 'القصر', '06', ' بجاية'),
(230, 'عين الناقة', 'سيدي عقبة', '07', 'بسكرة'),
(231, 'عين زعطوط', 'القنطرة', '07', 'بسكرة'),
(232, 'بسباس', 'سيدي  خالد', '51', 'أولاد جلال'),
(233, 'بسكرة', 'بسكرة', '07', 'بسكرة'),
(234, 'برج بن عزوز', 'طولقة', '07', 'بسكرة'),
(235, 'بوشقرون', 'طولقة', '07', 'بسكرة'),
(236, 'برانيس', 'جمورة', '07', 'بسكرة'),
(237, 'الشعيبة', 'أولاد جلال', '51', 'أولاد جلال'),
(238, 'شتمة', 'سيدي عقبة', '07', 'بسكرة'),
(239, 'جمورة', 'جمورة', '07', 'بسكرة'),
(240, 'الدوسن', 'أولاد جلال', '51', 'أولاد جلال'),
(241, 'الفيض', 'زريبة الوادي', '07', 'بسكرة'),
(242, 'الغروس', 'فوغالة', '07', 'بسكرة'),
(243, 'الحاجب', 'بسكرة', '07', 'بسكرة'),
(244, 'الحوش', 'سيدي عقبة', '07', 'بسكرة'),
(245, 'القنطرة', 'القنطرة', '07', 'بسكرة'),
(246, 'الوطاية', 'الوطاية', '07', 'بسكرة'),
(247, 'فوغالة', 'فوغالة', '07', 'بسكرة'),
(248, 'خنقة سيدي ناجي', 'زريبة الوادي', '07', 'بسكرة'),
(249, 'ليشانة', 'طولقة', '07', 'بسكرة'),
(250, 'ليوة', 'أورلال', '07', 'بسكرة'),
(251, 'مشونش', 'مشونش', '07', 'بسكرة'),
(252, 'مخادمة', 'أورلال', '07', 'بسكرة'),
(253, 'المزيرعة', 'زريبة الوادي', '07', 'بسكرة'),
(254, 'مليلي', 'أورلال', '07', 'بسكرة'),
(255, 'أولاد جلال', 'أولاد جلال', '51', 'أولاد جلال'),
(256, 'أوماش', 'أورلال', '07', 'بسكرة'),
(257, 'أورلال', 'أورلال', '07', 'بسكرة'),
(258, 'رأس الميعاد', 'سيدي  خالد', '51', 'أولاد جلال'),
(259, 'سيدي  خالد', 'سيدي  خالد', '51', 'أولاد جلال'),
(260, 'سيدي عقبة', 'سيدي عقبة', '07', 'بسكرة'),
(261, 'طولقة', 'طولقة', '07', 'بسكرة'),
(262, 'زريبة الوادي', 'زريبة الوادي', '07', 'بسكرة'),
(263, 'العبادلة', 'العبادلة', '08', 'بشار'),
(264, 'بشار', 'بشار', '08', 'بشار'),
(265, 'بني عباس', 'بني عباس', '52', 'بني عباس'),
(266, 'بن يخلف', 'كرزاز', '52', 'بني عباس'),
(267, 'بني ونيف', 'بني ونيف', '08', 'بشار'),
(268, 'بوكايس', 'لحمر', '08', 'بشار'),
(269, 'الواتة', 'الواتة', '52', 'بني عباس'),
(270, 'عرق فراج', 'العبادلة', '08', 'بشار'),
(271, 'إقلي', 'إقلي', '52', 'بني عباس'),
(272, 'القنادسة', 'القنادسة', '08', 'بشار'),
(273, 'كرزاز', 'كرزاز', '52', 'بني عباس'),
(274, 'القصابي', 'أولاد خضير', '52', 'بني عباس'),
(275, 'لحمر', 'لحمر', '08', 'بشار'),
(276, 'مشرع هواري بومدين', 'العبادلة', '08', 'بشار'),
(277, 'المريجة', 'القنادسة', '08', 'بشار'),
(278, 'موغل', 'لحمر', '08', 'بشار'),
(279, 'أولاد خضير', 'أولاد خضير', '52', 'بني عباس'),
(280, 'تبلبالة', 'تبلبالة', '08', 'بشار'),
(281, 'تاغيت', 'تاغيت', '08', 'بشار'),
(282, 'تامترت', 'بني عباس', '52', 'بني عباس'),
(283, 'تيمودي', 'كرزاز', '52', 'بني عباس'),
(284, 'عين الرمانة', 'موزاية', '09', 'البليدة'),
(285, 'بني مراد', 'أولاد يعيش', '09', 'البليدة'),
(286, 'بني تامو', 'وادي العلايق', '09', 'البليدة'),
(287, 'بن خليل', 'وادي العلايق', '09', 'البليدة'),
(288, 'البليدة', 'البليدة', '09', 'البليدة'),
(289, 'بوعرفة', 'البليدة', '09', 'البليدة'),
(290, 'بوفاريك', 'بوفاريك', '09', 'البليدة'),
(291, 'بوقرة', 'بوقرة', '09', 'البليدة'),
(292, 'بوعينان', 'بوعينان', '09', 'البليدة'),
(293, 'الشبلي', 'بوعينان', '09', 'البليدة'),
(294, 'الشفة', 'موزاية', '09', 'البليدة'),
(295, 'الشريعة', 'أولاد يعيش', '09', 'البليدة'),
(296, 'جبابرة', 'مفتاح', '09', 'البليدة'),
(297, 'العفرون', 'العفرون', '09', 'البليدة'),
(298, 'قرواو', 'بوفاريك', '09', 'البليدة'),
(299, 'حمام ملوان', 'بوقرة', '09', 'البليدة'),
(300, 'الأربعاء', 'الأربعاء', '09', 'البليدة'),
(301, 'مفتاح', 'مفتاح', '09', 'البليدة'),
(302, 'موزاية', 'موزاية', '09', 'البليدة'),
(303, 'وادي جر', 'العفرون', '09', 'البليدة'),
(304, 'وادي العلايق', 'وادي العلايق', '09', 'البليدة'),
(305, 'اولاد سلامة', 'بوقرة', '09', 'البليدة'),
(306, 'أولاد يعيش', 'أولاد يعيش', '09', 'البليدة'),
(307, 'صوحان', 'الأربعاء', '09', 'البليدة'),
(308, 'الصومعة', 'بوفاريك', '09', 'البليدة'),
(309, 'أغبالو', 'مشد الله', '10', 'البويرة'),
(310, 'أهل القصر', 'بشلول', '10', 'البويرة'),
(311, 'عين الحجر', 'عين بسام', '10', 'البويرة'),
(312, 'عين العلوي', 'عين بسام', '10', 'البويرة'),
(313, 'عين الترك', 'البويرة', '10', 'البويرة'),
(314, 'عين بسام', 'عين بسام', '10', 'البويرة'),
(315, 'أيت لعزيز', 'البويرة', '10', 'البويرة'),
(316, 'أعمر', 'القادرية', '10', 'البويرة'),
(317, 'بشلول', 'بشلول', '10', 'البويرة'),
(318, 'بئر غبالو', 'بئر غبالو', '10', 'البويرة'),
(319, 'برج أوخريص', 'برج أوخريص', '10', 'البويرة'),
(320, 'بودربالة', 'الأخضرية', '10', 'البويرة'),
(321, 'البويرة', 'البويرة', '10', 'البويرة'),
(322, 'بوكرم', 'الأخضرية', '10', 'البويرة'),
(323, 'شرفة', 'مشد الله', '10', 'البويرة'),
(324, 'الدشمية', 'سور الغزلان', '10', 'البويرة'),
(325, 'ديرة', 'سور الغزلان', '10', 'البويرة'),
(326, 'جباحية', 'القادرية', '10', 'البويرة'),
(327, 'العجيبة', 'بشلول', '10', 'البويرة'),
(328, 'الأسنام', 'بشلول', '10', 'البويرة'),
(329, 'الهاشمية', 'الهاشمية', '10', 'البويرة'),
(330, 'الخبوزية', 'بئر غبالو', '10', 'البويرة'),
(331, 'الحاكمية', 'سور الغزلان', '10', 'البويرة'),
(332, 'المقراني', 'سوق الخميس', '10', 'البويرة'),
(333, 'قرومة', 'الأخضرية', '10', 'البويرة'),
(334, 'الحجرة الزرقاء', 'برج أوخريص', '10', 'البويرة'),
(335, 'حيزر', 'الحيزر', '10', 'البويرة'),
(336, 'حنيف', 'مشد الله', '10', 'البويرة'),
(337, 'قادرية', 'القادرية', '10', 'البويرة'),
(338, 'الأخضرية', 'الأخضرية', '10', 'البويرة'),
(339, 'أمشدالة', 'مشد الله', '10', 'البويرة'),
(340, 'معلة', 'الأخضرية', '10', 'البويرة'),
(341, 'المعمورة', 'سور الغزلان', '10', 'البويرة'),
(342, 'مزدور', 'برج أوخريص', '10', 'البويرة'),
(343, 'وادي البردي', 'الهاشمية', '10', 'البويرة'),
(344, 'أولاد راشد', 'بشلول', '10', 'البويرة'),
(345, 'روراوة', 'بئر غبالو', '10', 'البويرة'),
(346, 'ريدان', 'سور الغزلان', '10', 'البويرة'),
(347, 'سحاريج', 'مشد الله', '10', 'البويرة'),
(348, 'سوق الخميس', 'سوق الخميس', '10', 'البويرة'),
(349, 'سور الغزلان', 'سور الغزلان', '10', 'البويرة'),
(350, 'تاغزوت', 'الحيزر', '10', 'البويرة'),
(351, 'تاقديت', 'برج أوخريص', '10', 'البويرة'),
(352, 'آث  منصور', 'مشد الله', '10', 'البويرة'),
(353, 'زبربر', 'الأخضرية', '10', 'البويرة'),
(354, 'ابلسة', 'سيلت', '11', 'تمنراست'),
(355, 'عين امقل', 'تمنراست', '11', 'تمنراست'),
(356, 'عين قزام', 'عين قزام', '54', 'عين قزام'),
(357, 'عين صالح', 'عين صالح', '53', 'عين صالح'),
(358, 'فقارة الزوى', 'عين صالح', '53', 'عين صالح'),
(359, 'أدلس', 'تاظروك', '11', 'تمنراست'),
(360, 'إينغر', 'إينغر', '53', 'عين صالح'),
(361, 'تمنراست', 'تمنراست', '11', 'تمنراست'),
(362, 'تاظروك', 'تاظروك', '11', 'تمنراست'),
(363, 'تين زواتين', 'تين زواتين', '54', 'عين قزام'),
(364, 'عين الزرقاء', 'الونزة', '12', 'تبسة'),
(365, 'بجن', 'العقلة', '12', 'تبسة'),
(366, 'بكارية', 'الكويف', '12', 'تبسة'),
(367, 'بئر الذهب', 'مرسط', '12', 'تبسة'),
(368, 'بئر مقدم', 'بئر مقدم', '12', 'تبسة'),
(369, 'بئر العاتر', 'بئر العاتر', '12', 'تبسة'),
(370, 'بوخضرة', 'العوينات', '12', 'تبسة'),
(371, 'بولحاف الدير', 'الكويف', '12', 'تبسة'),
(372, 'الشريعة', 'الشريعة', '12', 'تبسة'),
(373, 'الكويف', 'الكويف', '12', 'تبسة'),
(374, 'الماء الابيض', 'الماء الابيض', '12', 'تبسة'),
(375, 'المريج', 'الونزة', '12', 'تبسة'),
(376, 'المزرعة', 'العقلة', '12', 'تبسة'),
(377, 'العقلة', 'العقلة', '12', 'تبسة'),
(378, 'العقلة المالحة', 'بئر العاتر', '12', 'تبسة'),
(379, 'العوينات', 'العوينات', '12', 'تبسة'),
(380, 'الحويجبات', 'الماء الابيض', '12', 'تبسة'),
(381, 'فركان', 'نقرين', '12', 'تبسة'),
(382, 'قريقر', 'بئر مقدم', '12', 'تبسة'),
(383, 'الحمامات', 'بئر مقدم', '12', 'تبسة'),
(384, 'مرسط', 'مرسط', '12', 'تبسة'),
(385, 'نقرين', 'نقرين', '12', 'تبسة'),
(386, 'الونزة', 'الونزة', '12', 'تبسة'),
(387, 'أم علي', 'أم علي', '12', 'تبسة'),
(388, 'صفصاف الوسرى', 'أم علي', '12', 'تبسة'),
(389, 'سطح قنطيس', 'العقلة', '12', 'تبسة'),
(390, 'تبسة', 'تبسة', '12', 'تبسة'),
(391, 'ثليجان', 'الشريعة', '12', 'تبسة'),
(392, 'عين فتاح', 'فلاوسن', '13', 'تلمسان'),
(393, 'عين فزة', 'شتوان', '13', 'تلمسان'),
(394, 'عين غرابة', 'منصورة', '13', 'تلمسان'),
(395, 'عين الكبيرة', 'فلاوسن', '13', 'تلمسان'),
(396, 'عين النحالة', 'عين تالوت', '13', 'تلمسان'),
(397, 'عين تالوت', 'عين تالوت', '13', 'تلمسان'),
(398, 'عين يوسف', 'الرمشي', '13', 'تلمسان'),
(399, 'عمير', 'شتوان', '13', 'تلمسان'),
(400, 'باب العسة', 'باب العسة', '13', 'تلمسان'),
(401, 'بني بهدل', 'بني سنوس', '13', 'تلمسان'),
(402, 'بني بوسعيد', 'بني بوسعيد', '13', 'تلمسان'),
(403, 'بني خلاد', 'هنين', '13', 'تلمسان'),
(404, 'بني مستر', 'منصورة', '13', 'تلمسان'),
(405, 'بني وارسوس', 'الرمشي', '13', 'تلمسان'),
(406, 'بني صميل', 'أولاد ميمون', '13', 'تلمسان'),
(407, 'بني سنوس', 'بني سنوس', '13', 'تلمسان'),
(408, 'بن سكران', 'بن سكران', '13', 'تلمسان'),
(409, 'بوحلو', 'صبرة', '13', 'تلمسان'),
(410, 'البويهي', 'سيدي الجيلالي', '13', 'تلمسان'),
(411, 'شتوان', 'شتوان', '13', 'تلمسان'),
(412, 'دار يغمراسن', 'الغزوات', '13', 'تلمسان'),
(413, 'جبالة', 'ندرومة', '13', 'تلمسان'),
(414, 'العريشة', 'سبدو', '13', 'تلمسان'),
(415, 'العزايل', 'بني سنوس', '13', 'تلمسان'),
(416, 'الفحول', 'الرمشي', '13', 'تلمسان'),
(417, 'القور', 'سبدو', '13', 'تلمسان'),
(418, 'فلاوسن', 'فلاوسن', '13', 'تلمسان'),
(419, 'الغزوات', 'الغزوات', '13', 'تلمسان'),
(420, 'حمام بوغرارة', 'مغنية', '13', 'تلمسان'),
(421, 'الحناية', 'الحناية', '13', 'تلمسان'),
(422, 'هنين', 'هنين', '13', 'تلمسان'),
(423, 'مغنية', 'مغنية', '13', 'تلمسان'),
(424, 'منصورة', 'منصورة', '13', 'تلمسان'),
(425, 'مرسى بن مهيدي', 'مرسى بن مهيدي', '13', 'تلمسان'),
(426, 'مسيردة الفواقة', 'مرسى بن مهيدي', '13', 'تلمسان'),
(427, 'ندرومة', 'ندرومة', '13', 'تلمسان'),
(428, 'وادي الخضر', 'أولاد ميمون', '13', 'تلمسان'),
(429, 'أولاد ميمون', 'أولاد ميمون', '13', 'تلمسان'),
(430, 'أولاد رياح', 'الحناية', '13', 'تلمسان'),
(431, 'الرمشي', 'الرمشي', '13', 'تلمسان'),
(432, 'صبرة', 'صبرة', '13', 'تلمسان'),
(433, 'سبعة شيوخ', 'الرمشي', '13', 'تلمسان'),
(434, 'سبدو', 'سبدو', '13', 'تلمسان'),
(435, 'سيدي العبدلي', 'بن سكران', '13', 'تلمسان'),
(436, 'سيدي الجيلالي', 'سيدي الجيلالي', '13', 'تلمسان'),
(437, 'سيدي مجاهد', 'بني بوسعيد', '13', 'تلمسان'),
(438, 'السواحلية', 'الغزوات', '13', 'تلمسان'),
(439, 'السواني', 'باب العسة', '13', 'تلمسان'),
(440, 'سوق الثلاثاء', 'باب العسة', '13', 'تلمسان'),
(441, 'تيرني بني هديل', 'منصورة', '13', 'تلمسان'),
(442, 'تيانت', 'الغزوات', '13', 'تلمسان'),
(443, 'تلمسان', 'تلمسان', '13', 'تلمسان'),
(444, 'زناتة', 'الحناية', '13', 'تلمسان'),
(445, 'عين بوشقيف', 'دحموني', '14', 'تيارت'),
(446, 'عين الذهب', 'عين الذهب', '14', 'تيارت'),
(447, 'عين دزاريت', 'مهدية', '14', 'تيارت'),
(448, 'عين الحديد', 'فرندة', '14', 'تيارت'),
(449, 'عين كرمس', 'عين كرمس', '14', 'تيارت'),
(450, 'بوقرة', 'حمادية', '14', 'تيارت'),
(451, 'شحيمة', 'عين الذهب', '14', 'تيارت'),
(452, 'دحموني', 'دحموني', '14', 'تيارت'),
(453, 'جبيلات الرصفاء', 'عين كرمس', '14', 'تيارت'),
(454, 'جيلالي بن عمار', 'مشرع الصفا', '14', 'تيارت'),
(455, 'الفايجة', 'السوقر', '14', 'تيارت'),
(456, 'فرندة', 'فرندة', '14', 'تيارت'),
(457, 'قرطوفة', 'رحوية', '14', 'تيارت'),
(458, 'حمادية', 'حمادية', '14', 'تيارت'),
(459, 'قصر الشلالة', 'قصر الشلالة', '14', 'تيارت'),
(460, 'مادنة', 'عين كرمس', '14', 'تيارت'),
(461, 'مهدية', 'مهدية', '14', 'تيارت'),
(462, 'مشرع الصفا', 'مشرع الصفا', '14', 'تيارت'),
(463, 'مدريسة', 'عين كرمس', '14', 'تيارت'),
(464, 'مدروسة', 'مدروسة', '14', 'تيارت'),
(465, 'مغيلة', 'مغيلة', '14', 'تيارت'),
(466, 'ملاكو', 'مدروسة', '14', 'تيارت'),
(467, 'الناظورة', 'مهدية', '14', 'تيارت'),
(468, 'النعيمة', 'عين الذهب', '14', 'تيارت'),
(469, 'وادي ليلي', 'وادي ليلي', '14', 'تيارت'),
(470, 'الرحوية', 'رحوية', '14', 'تيارت'),
(471, 'الرشايقة', 'حمادية', '14', 'تيارت'),
(472, 'السبعين', 'مهدية', '14', 'تيارت'),
(473, 'السبت', 'مغيلة', '14', 'تيارت'),
(474, 'سرغين', 'قصر الشلالة', '14', 'تيارت'),
(475, 'سي عبد الغني', 'السوقر', '14', 'تيارت'),
(476, 'سيدي عبد الرحمن', 'عين كرمس', '14', 'تيارت'),
(477, 'سيدي علي ملال', 'وادي ليلي', '14', 'تيارت'),
(478, 'سيدي بختي', 'مدروسة', '14', 'تيارت'),
(479, 'سيدي حسني', 'مغيلة', '14', 'تيارت'),
(480, 'السوقر', 'السوقر', '14', 'تيارت'),
(481, 'تاقدمت', 'مشرع الصفا', '14', 'تيارت'),
(482, 'تخمرت', 'فرندة', '14', 'تيارت'),
(483, 'تيارت', 'تيارت', '14', 'تيارت'),
(484, 'تيدة', 'وادي ليلي', '14', 'تيارت'),
(485, 'توسنينة', 'السوقر', '14', 'تيارت'),
(486, 'زمالة  الأمير عبد القادر', 'قصر الشلالة', '14', 'تيارت'),
(487, 'أبي يوسف', 'عين الحمام', '15', 'تيزي وزو'),
(488, 'أغريب', 'أزفون', '15', 'تيزي وزو'),
(489, 'أقني قغران', 'واضية', '15', 'تيزي وزو'),
(490, 'عين الحمام', 'عين الحمام', '15', 'تيزي وزو'),
(491, 'عين الزاوية', 'ذراع الميزان', '15', 'تيزي وزو'),
(492, 'أيت عقـواشة', 'الأربعاء ناث إيراثن', '15', 'تيزي وزو'),
(493, 'أيت بــوادو', 'واضية', '15', 'تيزي وزو'),
(494, 'أيت بومهدي', 'واسيف', '15', 'تيزي وزو'),
(495, 'أيت خليلي', 'مقلع', '15', 'تيزي وزو'),
(496, 'أيت يحي موسى', 'ذراع الميزان', '15', 'تيزي وزو'),
(497, 'أيت عيسى ميمون', 'واقنون', '15', 'تيزي وزو'),
(498, 'أيت شافع', 'أزفون', '15', 'تيزي وزو'),
(499, 'أيت محمود', 'بني دوالة', '15', 'تيزي وزو'),
(500, 'أيت  أومالو', 'تيزي راشد', '15', 'تيزي وزو'),
(501, 'أيت تودرت', 'واسيف', '15', 'تيزي وزو'),
(502, 'أيت يحيى', 'عين الحمام', '15', 'تيزي وزو'),
(503, 'اقبيل', 'عين الحمام', '15', 'تيزي وزو'),
(504, 'أقرو', 'أزفون', '15', 'تيزي وزو'),
(505, 'أسي يوسف', 'بوغني', '15', 'تيزي وزو'),
(506, 'عزازقة', 'عزازقة', '15', 'تيزي وزو'),
(507, 'أزفون', 'أزفون', '15', 'تيزي وزو'),
(508, 'بنــــي زمنزار', 'بني دوالة', '15', 'تيزي وزو'),
(509, 'بني عيسي', 'بني دوالة', '15', 'تيزي وزو'),
(510, 'بني دوالة', 'بني دوالة', '15', 'تيزي وزو'),
(511, 'بني يني', 'بني يني', '15', 'تيزي وزو'),
(512, 'بني زيكــي', 'بوزقن', '15', 'تيزي وزو'),
(513, 'بوغني', 'بوغني', '15', 'تيزي وزو'),
(514, 'بوجيمة', 'ماكودة', '15', 'تيزي وزو'),
(515, 'بونوح', 'بوغني', '15', 'تيزي وزو'),
(516, 'بوزقــن', 'بوزقن', '15', 'تيزي وزو'),
(517, 'ذراع بن خدة', 'ذراع بن خدة', '15', 'تيزي وزو'),
(518, 'ذراع الميزان', 'ذراع الميزان', '15', 'تيزي وزو'),
(519, 'فريحة', 'عزازقة', '15', 'تيزي وزو'),
(520, 'فريقات', 'ذراع الميزان', '15', 'تيزي وزو'),
(521, 'إبودرارن', 'بني يني', '15', 'تيزي وزو'),
(522, 'إيجــار', 'بوزقن', '15', 'تيزي وزو'),
(523, 'إفــرحــونان', 'إفرحونان', '15', 'تيزي وزو'),
(524, 'إيفيغاء', 'عزازقة', '15', 'تيزي وزو'),
(525, 'إفليـــسن', 'تيقزيرت', '15', 'تيزي وزو'),
(526, 'إيلـيــلتـن', 'إفرحونان', '15', 'تيزي وزو'),
(527, 'إيلولة أومـــالو', 'بوزقن', '15', 'تيزي وزو'),
(528, 'إمســوحال', 'إفرحونان', '15', 'تيزي وزو'),
(529, 'إيرجـــن', 'الأربعاء ناث إيراثن', '15', 'تيزي وزو'),
(530, 'الأربعــاء ناث إيراثن', 'الأربعاء ناث إيراثن', '15', 'تيزي وزو'),
(531, 'معـــاتقة', 'معاتقة', '15', 'تيزي وزو'),
(532, 'ماكودة', 'ماكودة', '15', 'تيزي وزو'),
(533, 'مشطراس', 'بوغني', '15', 'تيزي وزو'),
(534, 'مقــلع', 'مقلع', '15', 'تيزي وزو'),
(535, 'ميزرانـــة', 'تيقزيرت', '15', 'تيزي وزو'),
(536, 'مكيرة', 'تيزي غنيف', '15', 'تيزي وزو'),
(537, 'واسيف', 'واسيف', '15', 'تيزي وزو'),
(538, 'واضية', 'واضية', '15', 'تيزي وزو'),
(539, 'واقنون', 'واقنون', '15', 'تيزي وزو'),
(540, 'سيدي نعمان', 'ذراع بن خدة', '15', 'تيزي وزو'),
(541, 'صوامـــع', 'مقلع', '15', 'تيزي وزو'),
(542, 'سوق الإثنين', 'معاتقة', '15', 'تيزي وزو'),
(543, 'تادمايت', 'ذراع بن خدة', '15', 'تيزي وزو'),
(544, 'تيقـزيرت', 'تيقزيرت', '15', 'تيزي وزو'),
(545, 'تيمـيزار', 'واقنون', '15', 'تيزي وزو'),
(546, 'تيرمتين', 'ذراع بن خدة', '15', 'تيزي وزو'),
(547, 'تيزي نثلاثة', 'واضية', '15', 'تيزي وزو'),
(548, 'تيزي غنيف', 'تيزي غنيف', '15', 'تيزي وزو'),
(549, 'تيزي وزو', 'تيزي وزو', '15', 'تيزي وزو'),
(550, 'تيزي راشد', 'تيزي راشد', '15', 'تيزي وزو'),
(551, 'إعــكورن', 'عزازقة', '15', 'تيزي وزو'),
(552, 'يطــافن', 'بني يني', '15', 'تيزي وزو'),
(553, 'زكري', 'عزازقة', '15', 'تيزي وزو'),
(554, 'عين بنيان', 'الشراقة', '16', 'الجزائر'),
(555, 'عين طاية', 'الدار البيضاء', '16', 'الجزائر'),
(556, 'الجزائر الوسطى', 'سيدي امحمد', '16', 'الجزائر'),
(557, 'باب الوادي', 'باب الوادي', '16', 'الجزائر'),
(558, 'باب الزوار', 'الدار البيضاء', '16', 'الجزائر'),
(559, 'بابا حسن', 'الدرارية', '16', 'الجزائر'),
(560, 'باش جراح', 'الحراش', '16', 'الجزائر'),
(561, 'براقي', 'براقي', '16', 'الجزائر'),
(562, 'ابن عكنون', 'بوزريعة', '16', 'الجزائر'),
(563, 'بني مسوس', 'بوزريعة', '16', 'الجزائر'),
(564, 'بئر مراد رايس', 'بئر مراد رايس', '16', 'الجزائر'),
(565, 'بئر خادم', 'بئر مراد رايس', '16', 'الجزائر'),
(566, 'بئر توتة', 'بئر توتة', '16', 'الجزائر'),
(567, 'بولوغين بن زيري', 'باب الوادي', '16', 'الجزائر'),
(568, 'برج البحري', 'الدار البيضاء', '16', 'الجزائر'),
(569, 'برج الكيفان', 'الدار البيضاء', '16', 'الجزائر'),
(570, 'بوروبة', 'الحراش', '16', 'الجزائر'),
(571, 'بوزريعة', 'بوزريعة', '16', 'الجزائر'),
(572, 'القصبة', 'باب الوادي', '16', 'الجزائر'),
(573, 'الشراقة', 'الشراقة', '16', 'الجزائر'),
(574, 'الدار البيضاء', 'الدار البيضاء', '16', 'الجزائر'),
(575, 'دالي ابراهيم', 'الشراقة', '16', 'الجزائر'),
(576, 'جسر قسنطينة', 'بئر مراد رايس', '16', 'الجزائر'),
(577, 'الدويرة', 'الدرارية', '16', 'الجزائر'),
(578, 'الدرارية', 'الدرارية', '16', 'الجزائر'),
(579, 'العاشور', 'الدرارية', '16', 'الجزائر'),
(580, 'الابيار', 'بوزريعة', '16', 'الجزائر'),
(581, 'الحراش', 'الحراش', '16', 'الجزائر'),
(582, 'المدنية', 'سيدي امحمد', '16', 'الجزائر'),
(583, 'المغارية', 'حسين داي', '16', 'الجزائر'),
(584, 'المرسى', 'الدار البيضاء', '16', 'الجزائر'),
(585, 'المرادية', 'سيدي امحمد', '16', 'الجزائر'),
(586, 'الحمامات', 'الشراقة', '16', 'الجزائر'),
(587, 'هراوة', 'الرويبة', '16', 'الجزائر'),
(588, 'حسين داي', 'حسين داي', '16', 'الجزائر'),
(589, 'حيدرة', 'بئر مراد رايس', '16', 'الجزائر'),
(590, 'الخرايسية', 'الدرارية', '16', 'الجزائر'),
(591, 'القبة', 'حسين داي', '16', 'الجزائر'),
(592, 'الكاليتوس', 'براقي', '16', 'الجزائر'),
(593, 'المعالمة', 'زرالدة', '16', 'الجزائر'),
(594, 'محمد بلوزداد', 'حسين داي', '16', 'الجزائر'),
(595, 'المحمدية', 'الدار البيضاء', '16', 'الجزائر'),
(596, 'وادي قريش', 'باب الوادي', '16', 'الجزائر'),
(597, 'وادي السمار', 'الحراش', '16', 'الجزائر'),
(598, 'اولاد شبل', 'بئر توتة', '16', 'الجزائر'),
(599, 'اولاد فايت', 'الشراقة', '16', 'الجزائر'),
(600, 'الرحمانية', 'زرالدة', '16', 'الجزائر'),
(601, 'الرايس حميدو', 'باب الوادي', '16', 'الجزائر'),
(602, 'رغاية', 'الرويبة', '16', 'الجزائر'),
(603, 'الرويبة', 'الرويبة', '16', 'الجزائر'),
(604, 'السحاولة', 'بئر مراد رايس', '16', 'الجزائر'),
(605, 'سيدي امحمد', 'سيدي امحمد', '16', 'الجزائر'),
(606, 'سيدي موسى', 'براقي', '16', 'الجزائر'),
(607, 'سويدانية', 'زرالدة', '16', 'الجزائر'),
(608, 'سطاوالي', 'زرالدة', '16', 'الجزائر'),
(609, 'تسالة المرجة', 'بئر توتة', '16', 'الجزائر'),
(610, 'زرالدة', 'زرالدة', '16', 'الجزائر'),
(611, 'عين الشهداء', 'الادريسية', '17', 'الجلفة'),
(612, 'عين الإبل', 'عين الإبل', '17', 'الجلفة'),
(613, 'عين فقه', 'حد الصحاري', '17', 'الجلفة'),
(614, 'عين معبد', 'حاسي بحبح', '17', 'الجلفة'),
(615, 'عين وسارة', 'عين وسارة', '17', 'الجلفة'),
(616, 'عمورة', 'فيض البطمة', '17', 'الجلفة'),
(617, 'بنهار', 'بيرين', '17', 'الجلفة'),
(618, 'بن يعقوب', 'الشارف', '17', 'الجلفة'),
(619, 'بيرين', 'بيرين', '17', 'الجلفة'),
(620, 'بويرة الأحداب', 'حد الصحاري', '17', 'الجلفة'),
(621, 'الشارف', 'الشارف', '17', 'الجلفة'),
(622, 'دار الشيوخ', 'دار الشيوخ', '17', 'الجلفة'),
(623, 'دلدول', 'مسعد', '17', 'الجلفة'),
(624, 'الجلفة', 'الجلفة', '17', 'الجلفة'),
(625, 'دويس', 'الادريسية', '17', 'الجلفة'),
(626, 'القديد', 'الشارف', '17', 'الجلفة'),
(627, 'الادريسية', 'الادريسية', '17', 'الجلفة'),
(628, 'الخميس', 'سيدي لعجال', '17', 'الجلفة'),
(629, 'فيض البطمة', 'فيض البطمة', '17', 'الجلفة'),
(630, 'قرنيني', 'عين وسارة', '17', 'الجلفة'),
(631, 'قطارة', 'مسعد', '17', 'الجلفة'),
(632, 'حد الصحاري', 'حد الصحاري', '17', 'الجلفة'),
(633, 'حاسي بحبح', 'حاسي بحبح', '17', 'الجلفة'),
(634, 'حاسي العش', 'حاسي بحبح', '17', 'الجلفة'),
(635, 'حاسي فدول', 'سيدي لعجال', '17', 'الجلفة'),
(636, 'مسعد', 'مسعد', '17', 'الجلفة'),
(637, 'مليليحة', 'دار الشيوخ', '17', 'الجلفة'),
(638, 'مجبارة', 'عين الإبل', '17', 'الجلفة'),
(639, 'أم العظام', 'فيض البطمة', '17', 'الجلفة'),
(640, 'سد الرحال', 'مسعد', '17', 'الجلفة'),
(641, 'سلمانة', 'مسعد', '17', 'الجلفة'),
(642, 'سيدي بايزيد', 'دار الشيوخ', '17', 'الجلفة'),
(643, 'سيدي لعجال', 'سيدي لعجال', '17', 'الجلفة'),
(644, 'تعظميت', 'عين الإبل', '17', 'الجلفة'),
(645, 'زعفران', 'حاسي بحبح', '17', 'الجلفة'),
(646, 'زكار', 'عين الإبل', '17', 'الجلفة'),
(647, 'برج الطهر', 'الشقفة', '18', 'جيجل'),
(648, 'بودريعة بني  ياجيس', 'جيملة', '18', 'جيجل'),
(649, 'بوراوي بلهادف', 'العنصر', '18', 'جيجل'),
(650, 'بوسيف أولاد عسكر', 'الطاهير', '18', 'جيجل'),
(651, 'الشحنة', 'الطاهير', '18', 'جيجل'),
(652, 'الشقفة', 'الشقفة', '18', 'جيجل'),
(653, 'الجمعة بني حبيبي', 'العنصر', '18', 'جيجل'),
(654, 'جيملة', 'جيملة', '18', 'جيجل'),
(655, 'العنصر', 'العنصر', '18', 'جيجل'),
(656, 'العوانة', 'العوانة', '18', 'جيجل'),
(657, 'القنار نشفي', 'الشقفة', '18', 'جيجل'),
(658, 'الميلية', 'الميلية', '18', 'جيجل'),
(659, 'الامير عبد القادر', 'الطاهير', '18', 'جيجل'),
(660, 'أراقن سويسي', 'زيامة منصورية', '18', 'جيجل'),
(661, 'غبالة', 'السطارة', '18', 'جيجل'),
(662, 'جيجل', 'جيجل', '18', 'جيجل'),
(663, 'قاوس', 'تاكسنة', '18', 'جيجل'),
(664, 'خيري واد عجول', 'العنصر', '18', 'جيجل'),
(665, 'وجانة', 'الطاهير', '18', 'جيجل'),
(666, 'أولاد رابح', 'سيدي معروف', '18', 'جيجل'),
(667, 'أولاد يحيى خدروش', 'الميلية', '18', 'جيجل'),
(668, 'سلمى بن زيادة', 'العوانة', '18', 'جيجل'),
(669, 'السطارة', 'السطارة', '18', 'جيجل'),
(670, 'سيدي عبد العزيز', 'الشقفة', '18', 'جيجل'),
(671, 'سيدي معروف', 'سيدي معروف', '18', 'جيجل'),
(672, 'الطاهير', 'الطاهير', '18', 'جيجل'),
(673, 'تاكسنة', 'تاكسنة', '18', 'جيجل'),
(674, 'زيامة منصورية', 'زيامة منصورية', '18', 'جيجل'),
(675, 'عين عباسة', 'عين أرنات', '19', 'سطيف'),
(676, 'عين أرنات', 'عين أرنات', '19', 'سطيف'),
(677, 'عين أزال', 'عين أزال', '19', 'سطيف'),
(678, 'عين الكبيرة', 'عين الكبيرة', '19', 'سطيف'),
(679, 'عين الحجر', 'عين أزال', '19', 'سطيف'),
(680, 'عين ولمان', 'عين ولمان', '19', 'سطيف'),
(681, 'عين لقراج', 'بني ورتيلان', '19', 'سطيف'),
(682, 'عين الروى', 'بوقاعة', '19', 'سطيف'),
(683, 'عين السبت', 'بني عزيز', '19', 'سطيف'),
(684, 'أيت نوال مزادة', 'بوعنداس', '19', 'سطيف'),
(685, 'ايت تيزي', 'بوعنداس', '19', 'سطيف'),
(686, 'عموشة', 'عموشة', '19', 'سطيف'),
(687, 'بابور', 'بابور', '19', 'سطيف'),
(688, 'بازر سكرة', 'العلمة', '19', 'سطيف'),
(689, 'بيضاء برج', 'عين أزال', '19', 'سطيف'),
(690, 'بلاعة', 'بئر العرش', '19', 'سطيف'),
(691, 'بني شبانة', 'بني ورتيلان', '19', 'سطيف'),
(692, 'بني فودة', 'جميلة', '19', 'سطيف'),
(693, 'بني ورتيلان', 'بني ورتيلان', '19', 'سطيف'),
(694, 'بني وسين', 'بوقاعة', '19', 'سطيف'),
(695, 'بني عزيز', 'بني عزيز', '19', 'سطيف'),
(696, 'بني موحلي', 'بني ورتيلان', '19', 'سطيف'),
(697, 'بئر حدادة', 'عين أزال', '19', 'سطيف'),
(698, 'بئر العرش', 'بئر العرش', '19', 'سطيف'),
(699, 'بوعنداس', 'بوعنداس', '19', 'سطيف'),
(700, 'بوقاعة', 'بوقاعة', '19', 'سطيف'),
(701, 'بوسلام', 'بوعنداس', '19', 'سطيف'),
(702, 'بوطالب', 'صالح باي', '19', 'سطيف'),
(703, 'الدهامشة', 'عين الكبيرة', '19', 'سطيف'),
(704, 'جميلة', 'جميلة', '19', 'سطيف'),
(705, 'ذراع قبيلة', 'حمام قرقور', '19', 'سطيف'),
(706, 'العلمة', 'العلمة', '19', 'سطيف'),
(707, 'أوريسيا', 'عين أرنات', '19', 'سطيف'),
(708, 'الولجة', 'بئر العرش', '19', 'سطيف'),
(709, 'قلال', 'عين ولمان', '19', 'سطيف'),
(710, 'قلتة زرقاء', 'العلمة', '19', 'سطيف'),
(711, 'قنزات', 'قنزات', '19', 'سطيف'),
(712, 'قجال', 'قجال', '19', 'سطيف'),
(713, 'حمام السخنة', 'حمام السخنة', '19', 'سطيف'),
(714, 'الحامة', 'صالح باي', '19', 'سطيف'),
(715, 'حمام قرقور', 'حمام قرقور', '19', 'سطيف'),
(716, 'حربيل', 'قنزات', '19', 'سطيف'),
(717, 'قصر الابطال', 'عين ولمان', '19', 'سطيف'),
(718, 'معاوية', 'بني عزيز', '19', 'سطيف'),
(719, 'ماوكلان', 'ماوكلان', '19', 'سطيف'),
(720, 'مزلوق', 'عين أرنات', '19', 'سطيف'),
(721, 'واد البارد', 'عموشة', '19', 'سطيف'),
(722, 'أولاد عدوان', 'عين الكبيرة', '19', 'سطيف'),
(723, 'أولاد صابر', 'قجال', '19', 'سطيف'),
(724, 'أولاد سي أحمد', 'عين ولمان', '19', 'سطيف'),
(725, 'أولاد تبان', 'صالح باي', '19', 'سطيف'),
(726, 'الرصفة', 'صالح باي', '19', 'سطيف'),
(727, 'صالح باي', 'صالح باي', '19', 'سطيف'),
(728, 'سرج الغول', 'بابور', '19', 'سطيف'),
(729, 'سطيف', 'سطيف', '19', 'سطيف'),
(730, 'تاشودة', 'بئر العرش', '19', 'سطيف'),
(731, 'تالة إيفاسن', 'ماوكلان', '19', 'سطيف'),
(732, 'الطاية', 'حمام السخنة', '19', 'سطيف'),
(733, 'التلة', 'حمام السخنة', '19', 'سطيف'),
(734, 'تيزي نبشار', 'عموشة', '19', 'سطيف'),
(735, 'عين الحجر', 'عين الحجر', '20', 'سعيدة'),
(736, 'عين السخونة', 'الحساسنة', '20', 'سعيدة'),
(737, 'عين السلطان', 'أولاد ابراهيم', '20', 'سعيدة'),
(738, 'دوي ثابت', 'يوب', '20', 'سعيدة'),
(739, 'الحساسنة', 'الحساسنة', '20', 'سعيدة'),
(740, 'هونت', 'سيدي بوبكر', '20', 'سعيدة'),
(741, 'المعمورة', 'الحساسنة', '20', 'سعيدة'),
(742, 'مولاي العربي', 'عين الحجر', '20', 'سعيدة'),
(743, 'أولاد إبراهيم', 'أولاد ابراهيم', '20', 'سعيدة'),
(744, 'أولاد خالد', 'سيدي بوبكر', '20', 'سعيدة'),
(745, 'سعيدة', 'سعيدة', '20', 'سعيدة'),
(746, 'سيدي احمد', 'عين الحجر', '20', 'سعيدة'),
(747, 'سيدي عمر', 'سيدي بوبكر', '20', 'سعيدة'),
(748, 'سيدي بوبكر', 'سيدي بوبكر', '20', 'سعيدة'),
(749, 'تيرسين', 'أولاد ابراهيم', '20', 'سعيدة'),
(750, 'يوب', 'يوب', '20', 'سعيدة'),
(751, 'عين بوزيان', 'سيدي مزغيش', '21', 'سكيكدة'),
(752, 'عين شرشار', 'عزابة', '21', 'سكيكدة'),
(753, 'عين قشرة', 'عين قشرة', '21', 'سكيكدة'),
(754, 'عين زويت', 'الحدائق', '21', 'سكيكدة'),
(755, 'عزابة', 'عزابة', '21', 'سكيكدة'),
(756, 'بكوش لخضر', 'بن عزوز', '21', 'سكيكدة'),
(757, 'بن عزوز', 'بن عزوز', '21', 'سكيكدة'),
(758, 'بني بشير', 'رمضان جمال', '21', 'سكيكدة'),
(759, 'بني ولبان', 'سيدي مزغيش', '21', 'سكيكدة'),
(760, 'بني زيد', 'القل', '21', 'سكيكدة'),
(761, 'بين الويدان', 'تمالوس', '21', 'سكيكدة'),
(762, 'بوشطاطة', 'الحدائق', '21', 'سكيكدة'),
(763, 'الشرايع', 'القل', '21', 'سكيكدة'),
(764, 'القل', 'القل', '21', 'سكيكدة'),
(765, 'جندل سعدي محمد', 'عزابة', '21', 'سكيكدة'),
(766, 'الحروش', 'الحروش', '21', 'سكيكدة'),
(767, 'الغدير', 'عزابة', '21', 'سكيكدة'),
(768, 'الحدائق', 'الحدائق', '21', 'سكيكدة'),
(769, 'المرسى', 'بن عزوز', '21', 'سكيكدة'),
(770, 'مجاز الدشيش', 'الحروش', '21', 'سكيكدة'),
(771, 'السبت', 'عزابة', '21', 'سكيكدة'),
(772, 'فلفلة', 'سكيكدة', '21', 'سكيكدة'),
(773, 'حمادي كرومة', 'سكيكدة', '21', 'سكيكدة'),
(774, 'قنواع', 'الزيتونة', '21', 'سكيكدة'),
(775, 'الكركرة', 'تمالوس', '21', 'سكيكدة'),
(776, 'خناق مايو', 'أولاد عطية', '21', 'سكيكدة'),
(777, 'وادي الزهور', 'أولاد عطية', '21', 'سكيكدة'),
(778, 'الولجة بولبلوط', 'عين قشرة', '21', 'سكيكدة'),
(779, 'أولاد عطية', 'أولاد عطية', '21', 'سكيكدة'),
(780, 'أولاد حبابة', 'الحروش', '21', 'سكيكدة'),
(781, 'أم الطوب', 'أم الطوب', '21', 'سكيكدة'),
(782, 'رمضان جمال', 'رمضان جمال', '21', 'سكيكدة'),
(783, 'صالح بو الشعور', 'الحروش', '21', 'سكيكدة'),
(784, 'سيدي مزغيش', 'سيدي مزغيش', '21', 'سكيكدة'),
(785, 'سكيكدة', 'سكيكدة', '21', 'سكيكدة'),
(786, 'تمالوس', 'تمالوس', '21', 'سكيكدة'),
(787, 'زردازة', 'الحروش', '21', 'سكيكدة'),
(788, 'الزيتونة', 'الزيتونة', '21', 'سكيكدة'),
(789, 'عين البرد', 'عين البرد', '22', 'سيدي بلعباس'),
(790, 'عين قادة', 'سيدي علي بوسيدي', '22', 'سيدي بلعباس'),
(791, 'عين الثريد', 'تسالة', '22', 'سيدي بلعباس'),
(792, 'عين تندمين', 'مولاي سليسن', '22', 'سيدي بلعباس'),
(793, 'عين أدن', 'سفيزف', '22', 'سيدي بلعباس'),
(794, 'العمارنة', 'سيدي لحسن', '22', 'سيدي بلعباس'),
(795, 'بضرابين المقراني', 'بن باديس', '22', 'سيدي بلعباس'),
(796, 'بلعربي', 'مصطفى بن ابراهيم', '22', 'سيدي بلعباس'),
(797, 'بن باديس', 'بن باديس', '22', 'سيدي بلعباس'),
(798, 'بن عشيبة شلية', 'تنيرة', '22', 'سيدي بلعباس'),
(799, 'بئر الحمام', 'مرحوم', '22', 'سيدي بلعباس'),
(800, 'بوجبهة البرج', 'سفيزف', '22', 'سيدي بلعباس'),
(801, 'بوخنفيس', 'سيدي علي بن يوب', '22', 'سيدي بلعباس'),
(802, 'شيطوان البلايلة', 'بن باديس', '22', 'سيدي بلعباس'),
(803, 'الضاية', 'تلاغ', '22', 'سيدي بلعباس'),
(804, 'الحصيبة', 'مولاي سليسن', '22', 'سيدي بلعباس'),
(805, 'حاسي دحو', 'تنيرة', '22', 'سيدي بلعباس'),
(806, 'حاسي زهانة', 'بن باديس', '22', 'سيدي بلعباس'),
(807, 'لمطار', 'سيدي علي بوسيدي', '22', 'سيدي بلعباس'),
(808, 'مكدرة', 'عين البرد', '22', 'سيدي بلعباس'),
(809, 'مرحوم', 'مرحوم', '22', 'سيدي بلعباس'),
(810, 'مسيد', 'سفيزف', '22', 'سيدي بلعباس'),
(811, 'مرين', 'مرين', '22', 'سيدي بلعباس'),
(812, 'مزاورو', 'تلاغ', '22', 'سيدي بلعباس'),
(813, 'مصطفى بن ابراهيم', 'مصطفى بن ابراهيم', '22', 'سيدي بلعباس'),
(814, 'مولاي سليسن', 'مولاي سليسن', '22', 'سيدي بلعباس'),
(815, 'وادي السبع', 'راس الماء', '22', 'سيدي بلعباس'),
(816, 'وادي سفيون', 'تنيرة', '22', 'سيدي بلعباس'),
(817, 'وادي تاوريرة', 'مرين', '22', 'سيدي بلعباس'),
(818, 'راس الماء', 'راس الماء', '22', 'سيدي بلعباس'),
(819, 'رجم دموش', 'راس الماء', '22', 'سيدي بلعباس'),
(820, 'السهالة الثورة', 'تسالة', '22', 'سيدي بلعباس'),
(821, 'سفيزف', 'سفيزف', '22', 'سيدي بلعباس'),
(822, 'سيدي علي بن يوب', 'سيدي علي بن يوب', '22', 'سيدي بلعباس'),
(823, 'سيدي علي بوسيدي', 'سيدي علي بوسيدي', '22', 'سيدي بلعباس'),
(824, 'سيدي بلعباس', 'سيدي بلعباس', '22', 'سيدي بلعباس'),
(825, 'سيدي ابراهيم', 'عين البرد', '22', 'سيدي بلعباس'),
(826, 'سيدي شعيب', 'مرحوم', '22', 'سيدي بلعباس'),
(827, 'سيدي دحو الزاير', 'سيدي علي بوسيدي', '22', 'سيدي بلعباس'),
(828, 'سيدي حمادوش', 'عين البرد', '22', 'سيدي بلعباس'),
(829, 'سيدي خالد', 'سيدي لحسن', '22', 'سيدي بلعباس'),
(830, 'سيدي لحسن', 'سيدي لحسن', '22', 'سيدي بلعباس'),
(831, 'سيدي يعقوب', 'سيدي لحسن', '22', 'سيدي بلعباس'),
(832, 'طابية', 'سيدي علي بن يوب', '22', 'سيدي بلعباس'),
(833, 'تاودموت', 'مرين', '22', 'سيدي بلعباس'),
(834, 'تفسور', 'مرين', '22', 'سيدي بلعباس'),
(835, 'تغاليمت', 'تلاغ', '22', 'سيدي بلعباس'),
(836, 'تلاغ', 'تلاغ', '22', 'سيدي بلعباس'),
(837, 'تنيرة', 'تنيرة', '22', 'سيدي بلعباس'),
(838, 'تسالة', 'تسالة', '22', 'سيدي بلعباس'),
(839, 'تلموني', 'مصطفى بن ابراهيم', '22', 'سيدي بلعباس'),
(840, 'زروالة', 'مصطفى بن ابراهيم', '22', 'سيدي بلعباس'),
(841, 'عين الباردة', 'عين الباردة', '23', 'عنابة'),
(842, 'عنابة', 'عنابة', '23', 'عنابة'),
(843, 'برحال', 'برحال', '23', 'عنابة'),
(844, 'شطايبي', 'شطايبي', '23', 'عنابة'),
(845, 'الشرفة', 'عين الباردة', '23', 'عنابة'),
(846, 'البوني', 'البوني', '23', 'عنابة'),
(847, 'العلمة', 'عين الباردة', '23', 'عنابة'),
(848, 'الحجار', 'الحجار', '23', 'عنابة'),
(849, 'واد العنب', 'برحال', '23', 'عنابة'),
(850, 'سرايدي', 'عنابة', '23', 'عنابة'),
(851, 'سيدي عمار', 'الحجار', '23', 'عنابة'),
(852, 'التريعات', 'برحال', '23', 'عنابة'),
(853, 'عين بن بيضاء', 'بوشقوف', '24', 'قالمة'),
(854, 'عين العربي', 'عين مخلوف', '24', 'قالمة'),
(855, 'عين مخلوف', 'عين مخلوف', '24', 'قالمة'),
(856, 'عين رقادة', 'وادي الزناتي', '24', 'قالمة'),
(857, 'عين صندل', 'خزارة', '24', 'قالمة'),
(858, 'بلخير', 'قلعة بوصبع', '24', 'قالمة'),
(859, 'بن جراح', 'قالمة', '24', 'قالمة'),
(860, 'بني مزلين', 'قلعة بوصبع', '24', 'قالمة'),
(861, 'برج صباط', 'وادي الزناتي', '24', 'قالمة'),
(862, 'بوحشانة', 'خزارة', '24', 'قالمة'),
(863, 'بوحمدان', 'حمام دباغ', '24', 'قالمة'),
(864, 'بوعاتي محمود', 'هيليوبوليس', '24', 'قالمة'),
(865, 'بوشقوف', 'بوشقوف', '24', 'قالمة'),
(866, 'بومهرة أحمد', 'قلعة بوصبع', '24', 'قالمة'),
(867, 'الدهوارة', 'حمام النبايل', '24', 'قالمة'),
(868, 'جبالة الخميسي', 'قلعة بوصبع', '24', 'قالمة'),
(869, 'الفجوج', 'هيليوبوليس', '24', 'قالمة'),
(870, 'قلعة بوصبع', 'قلعة بوصبع', '24', 'قالمة'),
(871, 'قالمة', 'قالمة', '24', 'قالمة'),
(872, 'حمام دباغ', 'حمام دباغ', '24', 'قالمة'),
(873, 'حمام النبايل', 'حمام النبايل', '24', 'قالمة'),
(874, 'هيليوبوليس', 'هيليوبوليس', '24', 'قالمة'),
(875, 'نشماية', 'قلعة بوصبع', '24', 'قالمة'),
(876, 'لخزارة', 'خزارة', '24', 'قالمة'),
(877, 'مجاز عمار', 'عين حساينية', '24', 'قالمة'),
(878, 'مجاز الصفاء', 'بوشقوف', '24', 'قالمة'),
(879, 'هواري بومدين', 'عين حساينية', '24', 'قالمة'),
(880, 'وادي الشحم', 'حمام النبايل', '24', 'قالمة'),
(881, 'وادي فراغة', 'بوشقوف', '24', 'قالمة'),
(882, 'وادي الزناتي', 'وادي الزناتي', '24', 'قالمة'),
(883, 'رأس العقبة', 'عين حساينية', '24', 'قالمة'),
(884, 'الركنية', 'حمام دباغ', '24', 'قالمة'),
(885, 'سلاوة عنونة', 'عين حساينية', '24', 'قالمة'),
(886, 'تاملوكة', 'عين مخلوف', '24', 'قالمة'),
(887, 'عين عبيد', 'عين عبيد', '25', 'قسنطينة'),
(888, 'عين السمارة', 'الخروب', '25', 'قسنطينة'),
(889, 'أبن باديس الهرية', 'عين عبيد', '25', 'قسنطينة'),
(890, 'بني حميدان', 'زيغود يوسف', '25', 'قسنطينة'),
(891, 'قسنطينة', 'قسنطينة', '25', 'قسنطينة'),
(892, 'ديدوش مراد', 'حامة بوزيان', '25', 'قسنطينة'),
(893, 'الخروب', 'الخروب', '25', 'قسنطينة'),
(894, 'حامة بوزيان', 'حامة بوزيان', '25', 'قسنطينة'),
(895, 'ابن زياد', 'ابن زياد', '25', 'قسنطينة'),
(896, 'بوجريو مسعود', 'ابن زياد', '25', 'قسنطينة'),
(897, 'أولاد رحمون', 'الخروب', '25', 'قسنطينة'),
(898, 'زيغود يوسف', 'زيغود يوسف', '25', 'قسنطينة'),
(899, 'عين بوسيف', 'عين بوسيف', '26', 'المدية'),
(900, 'عين اقصير', 'شلالة العذاورة', '26', 'المدية'),
(901, 'العيساوية', 'تابلاط', '26', 'المدية'),
(902, 'عزيز', 'عزيز', '26', 'المدية'),
(903, 'بعطة', 'العمارية', '26', 'المدية'),
(904, 'بن شكاو', 'وزرة', '26', 'المدية'),
(905, 'بني سليمان', 'بني سليمان', '26', 'المدية'),
(906, 'البرواقية', 'البرواقية', '26', 'المدية'),
(907, 'بئر بن عابد', 'القلب الكبير', '26', 'المدية'),
(908, 'بوغار', 'أولاد عنتر', '26', 'المدية'),
(909, 'بوعيش', 'الشهبونية', '26', 'المدية'),
(910, 'بوعيشون', 'سي المحجوب', '26', 'المدية'),
(911, 'بوشراحيل', 'سيدي نعمان', '26', 'المدية'),
(912, 'بوغزول', 'الشهبونية', '26', 'المدية'),
(913, 'بوسكن', 'بني سليمان', '26', 'المدية'),
(914, 'الشهبونية', 'الشهبونية', '26', 'المدية'),
(915, 'شلالة العذاورة', 'شلالة العذاورة', '26', 'المدية'),
(916, 'شنيقل', 'شلالة العذاورة', '26', 'المدية'),
(917, 'دراق', 'عزيز', '26', 'المدية'),
(918, 'جواب', 'السواقي', '26', 'المدية'),
(919, 'ذراع السمار', 'المدية', '26', 'المدية'),
(920, 'العزيزية', 'العزيزية', '26', 'المدية'),
(921, 'القلب الكبير', 'القلب الكبير', '26', 'المدية'),
(922, 'الحمدانية', 'وزرة', '26', 'المدية'),
(923, 'الحوضان', 'تابلاط', '26', 'المدية'),
(924, 'العمارية', 'العمارية', '26', 'المدية'),
(925, 'العوينات', 'عين بوسيف', '26', 'المدية'),
(926, 'حناشة', 'عوامري', '26', 'المدية'),
(927, 'الكاف الاخضر', 'عين بوسيف', '26', 'المدية'),
(928, 'خمس جوامع', 'سيدي نعمان', '26', 'المدية'),
(929, 'قصر البخاري', 'قصر البخاري', '26', 'المدية'),
(930, 'مغراوة', 'العزيزية', '26', 'المدية'),
(931, 'المدية', 'المدية', '26', 'المدية'),
(932, 'مجبر', 'سغوان', '26', 'المدية'),
(933, 'مزغنة', 'تابلاط', '26', 'المدية'),
(934, 'مفاتحة', 'قصر البخاري', '26', 'المدية'),
(935, 'ميهوب', 'العزيزية', '26', 'المدية'),
(936, 'عوامري', 'عوامري', '26', 'المدية'),
(937, 'وادي حربيل', 'عوامري', '26', 'المدية'),
(938, 'أولاد عنتر', 'أولاد عنتر', '26', 'المدية'),
(939, 'أولاد بوعشرة', 'سي المحجوب', '26', 'المدية'),
(940, 'أولاد إبراهيم', 'العمارية', '26', 'المدية'),
(941, 'أولاد دايد', 'البرواقية', '26', 'المدية'),
(942, 'أولاد امعرف', 'عين بوسيف', '26', 'المدية'),
(943, 'أولاد هلال', 'أولاد عنتر', '26', 'المدية'),
(944, 'أم الجليل', 'عزيز', '26', 'المدية'),
(945, 'وزرة', 'وزرة', '26', 'المدية'),
(946, 'الربعية', 'البرواقية', '26', 'المدية'),
(947, 'السانق', 'قصر البخاري', '26', 'المدية'),
(948, 'سدراية', 'القلب الكبير', '26', 'المدية'),
(949, 'سغوان', 'سغوان', '26', 'المدية'),
(950, 'سي المحجوب', 'سي المحجوب', '26', 'المدية'),
(951, 'سيدي دامد', 'عين بوسيف', '26', 'المدية'),
(952, 'سيدي نعمان', 'سيدي نعمان', '26', 'المدية'),
(953, 'سيدي الربيع', 'بني سليمان', '26', 'المدية'),
(954, 'سيدي زهار', 'السواقي', '26', 'المدية'),
(955, 'سيدي زيان', 'السواقي', '26', 'المدية'),
(956, 'السواقي', 'السواقي', '26', 'المدية'),
(957, 'تابلاط', 'تابلاط', '26', 'المدية'),
(958, 'تفراوت', 'شلالة العذاورة', '26', 'المدية'),
(959, 'تمسقيدة', 'المدية', '26', 'المدية'),
(960, 'تيزي مهدي', 'وزرة', '26', 'المدية'),
(961, 'ثلاث دوائر', 'سغوان', '26', 'المدية'),
(962, 'الزبيرية', 'سغوان', '26', 'المدية'),
(963, 'عشعاشة', 'عشعاشة', '27', 'مستغانم'),
(964, 'عين بودينار', 'خير الدين', '27', 'مستغانم'),
(965, 'عين نويسي', 'عين نويسي', '27', 'مستغانم'),
(966, 'عين سيدي الشريف', 'ماسرة', '27', 'مستغانم'),
(967, 'عين تادلس', 'عين تادلس', '27', 'مستغانم'),
(968, 'بن عبد المالك رمضان', 'سيدي لخضر', '27', 'مستغانم'),
(969, 'بوقيراط', 'بوقيراط', '27', 'مستغانم'),
(970, 'فرناقة', 'عين نويسي', '27', 'مستغانم'),
(971, 'حجاج', 'سيدي لخضر', '27', 'مستغانم'),
(972, 'حاسي ماماش', 'حاسي ماماش', '27', 'مستغانم'),
(973, 'الحسيان (بني ياحي', 'عين نويسي', '27', 'مستغانم'),
(974, 'خضرة', 'عشعاشة', '27', 'مستغانم'),
(975, 'خير الدين', 'خير الدين', '27', 'مستغانم'),
(976, 'منصورة', 'ماسرة', '27', 'مستغانم'),
(977, 'مزغران', 'حاسي ماماش', '27', 'مستغانم'),
(978, 'ماسرة', 'ماسرة', '27', 'مستغانم'),
(979, 'مستغانم', 'مستغانم', '27', 'مستغانم'),
(980, 'نكمارية', 'عشعاشة', '27', 'مستغانم'),
(981, 'وادي الخير', 'عين تادلس', '27', 'مستغانم'),
(982, 'أولاد بوغالم', 'عشعاشة', '27', 'مستغانم'),
(983, 'أولاد مع الله', 'سيدي علي', '27', 'مستغانم'),
(984, 'صفصاف', 'بوقيراط', '27', 'مستغانم'),
(985, 'صيادة', 'خير الدين', '27', 'مستغانم'),
(986, 'سيدي علي', 'سيدي علي', '27', 'مستغانم'),
(987, 'سيدي بلعطار', 'عين تادلس', '27', 'مستغانم'),
(988, 'سيدي لخضر', 'سيدي لخضر', '27', 'مستغانم'),
(989, 'سيرات', 'بوقيراط', '27', 'مستغانم'),
(990, 'السوافلية', 'بوقيراط', '27', 'مستغانم'),
(991, 'سور', 'عين تادلس', '27', 'مستغانم'),
(992, 'ستيدية', 'حاسي ماماش', '27', 'مستغانم'),
(993, 'تزقايت', 'سيدي علي', '27', 'مستغانم'),
(994, 'الطواهرية', 'ماسرة', '27', 'مستغانم'),
(995, 'عين الحجل', 'عين الحجل', '28', 'المسيلة'),
(996, 'عين الملح', 'عين الملح', '28', 'المسيلة'),
(997, 'عين فارس', 'عين الملح', '28', 'المسيلة'),
(998, 'عين الخضراء', 'مقرة', '28', 'المسيلة'),
(999, 'عين الريش', 'عين الملح', '28', 'المسيلة'),
(1000, 'بلعايبة', 'مقرة', '28', 'المسيلة'),
(1001, 'بن سرور', 'بن سرور', '28', 'المسيلة'),
(1002, 'بني يلمان', 'سيدي عيسى', '28', 'المسيلة'),
(1003, 'بن زوه', 'أولاد سيدي ابراهيم', '28', 'المسيلة'),
(1004, 'برهوم', 'مقرة', '28', 'المسيلة'),
(1005, 'بئر فضة', 'عين الملح', '28', 'المسيلة'),
(1006, 'بوسعادة', 'بوسعادة', '28', 'المسيلة'),
(1007, 'بوطي السايح', 'سيدي عيسى', '28', 'المسيلة'),
(1008, 'شلال', 'شلال', '28', 'المسيلة'),
(1009, 'دهاهنة', 'مقرة', '28', 'المسيلة'),
(1010, 'جبل مساعد', 'جبل مساعد', '28', 'المسيلة'),
(1011, 'الهامل', 'بوسعادة', '28', 'المسيلة'),
(1012, 'الحوامد', 'خبانة', '28', 'المسيلة'),
(1013, 'حمام الضلعة', 'حمام الضلعة', '28', 'المسيلة'),
(1014, 'خطوطي سد الجير', 'شلال', '28', 'المسيلة'),
(1015, 'خبانة', 'خبانة', '28', 'المسيلة'),
(1016, 'المعاضيد', 'أولاد دراج', '28', 'المسيلة'),
(1017, 'معاريف', 'شلال', '28', 'المسيلة'),
(1018, 'مقرة', 'مقرة', '28', 'المسيلة'),
(1019, 'مسيف', 'خبانة', '28', 'المسيلة'),
(1020, 'امجدل', 'امجدل', '28', 'المسيلة'),
(1021, 'مناعة', 'امجدل', '28', 'المسيلة'),
(1022, 'محمد بوضياف', 'بن سرور', '28', 'المسيلة'),
(1023, 'المسيلة', 'المسيلة', '28', 'المسيلة'),
(1024, 'المطارفة', 'أولاد دراج', '28', 'المسيلة'),
(1025, 'ونوغة', 'حمام الضلعة', '28', 'المسيلة'),
(1026, 'أولاد عدي لقبالة', 'أولاد دراج', '28', 'المسيلة'),
(1027, 'أولاد دراج', 'أولاد دراج', '28', 'المسيلة'),
(1028, 'أولاد ماضي', 'شلال', '28', 'المسيلة'),
(1029, 'أولاد منصور', 'حمام الضلعة', '28', 'المسيلة'),
(1030, 'أولاد سيدي ابراهيم', 'أولاد سيدي ابراهيم', '28', 'المسيلة'),
(1031, 'أولاد سليمان', 'بن سرور', '28', 'المسيلة'),
(1032, 'ولتام', 'بوسعادة', '28', 'المسيلة'),
(1033, 'سيدي عيسى', 'سيدي عيسى', '28', 'المسيلة'),
(1034, 'سيدي عامر', 'سيدي عامر', '28', 'المسيلة'),
(1035, 'سيدي هجرس', 'عين الحجل', '28', 'المسيلة'),
(1036, 'سيدي امحمد', 'عين الملح', '28', 'المسيلة'),
(1037, 'سليم', 'جبل مساعد', '28', 'المسيلة'),
(1038, 'السوامع', 'أولاد دراج', '28', 'المسيلة'),
(1039, 'تامسة', 'سيدي عامر', '28', 'المسيلة'),
(1040, 'تارمونت', 'حمام الضلعة', '28', 'المسيلة'),
(1041, 'زرزور', 'بن سرور', '28', 'المسيلة'),
(1042, 'عين فارس', 'عين فارس', '29', 'معسكر'),
(1043, 'عين فكان', 'عين فكان', '29', 'معسكر'),
(1044, 'عين فراح', 'وادي الأبطال', '29', 'معسكر'),
(1045, 'عين أفرص', 'عين فكان', '29', 'معسكر'),
(1046, 'العلايمية', 'عقاز', '29', 'معسكر'),
(1047, 'عوف', 'عوف', '29', 'معسكر'),
(1048, 'بنيان', 'عوف', '29', 'معسكر'),
(1049, 'بوهني', 'سيق', '29', 'معسكر'),
(1050, 'بوحنيفية', 'بوحنيفية', '29', 'معسكر'),
(1051, 'الشرفاء', 'سيق', '29', 'معسكر'),
(1052, 'البرج', 'البرج', '29', 'معسكر'),
(1053, 'القعدة', 'زهانة', '29', 'معسكر'),
(1054, 'الغمري', 'المحمدية', '29', 'معسكر'),
(1055, 'القطنة', 'بوحنيفية', '29', 'معسكر'),
(1056, 'الحشم', 'الحشم', '29', 'معسكر'),
(1057, 'القرط', 'تيزي', '29', 'معسكر'),
(1058, 'المأمونية', 'عين فارس', '29', 'معسكر'),
(1059, 'المنور', 'البرج', '29', 'معسكر'),
(1060, 'فراقيق', 'المحمدية', '29', 'معسكر'),
(1061, 'فروحة', 'تيزي', '29', 'معسكر'),
(1062, 'غروس', 'عوف', '29', 'معسكر'),
(1063, 'غريس', 'غريس', '29', 'معسكر'),
(1064, 'قرجوم', 'وادي التاغية', '29', 'معسكر'),
(1065, 'حسين', 'بوحنيفية', '29', 'معسكر'),
(1066, 'خلوية', 'البرج', '29', 'معسكر'),
(1067, 'ماقضة', 'غريس', '29', 'معسكر'),
(1068, 'ماوسة', 'غريس', '29', 'معسكر'),
(1069, 'معسكر', 'معسكر', '29', 'معسكر'),
(1070, 'المطمور', 'غريس', '29', 'معسكر'),
(1071, 'مقطع الدوز', 'المحمدية', '29', 'معسكر'),
(1072, 'المحمدية', 'المحمدية', '29', 'معسكر'),
(1073, 'نسمط', 'الحشم', '29', 'معسكر'),
(1074, 'عقاز', 'عقاز', '29', 'معسكر'),
(1075, 'وادي الأبطال', 'وادي الأبطال', '29', 'معسكر'),
(1076, 'وادي التاغية', 'وادي التاغية', '29', 'معسكر'),
(1077, 'رأس عين عميروش', 'عقاز', '29', 'معسكر'),
(1078, 'سجرارة', 'المحمدية', '29', 'معسكر'),
(1079, 'السهايلية', 'تيغنيف', '29', 'معسكر'),
(1080, 'سيدي عبد الجبار', 'وادي الأبطال', '29', 'معسكر'),
(1081, 'سيدي عبد المومن', 'المحمدية', '29', 'معسكر'),
(1082, 'سيدي بوسعيد', 'غريس', '29', 'معسكر'),
(1083, 'سيدي قادة', 'تيغنيف', '29', 'معسكر'),
(1084, 'سيق', 'سيق', '29', 'معسكر'),
(1085, 'تيغنيف', 'تيغنيف', '29', 'معسكر'),
(1086, 'تيزي', 'تيزي', '29', 'معسكر'),
(1087, 'زهانة', 'زهانة', '29', 'معسكر'),
(1088, 'زلامطة', 'الحشم', '29', 'معسكر'),
(1089, 'عين البيضاء', 'سيدي خويلد', '30', 'ورقلة'),
(1090, 'بن ناصر', 'الطيبات', '55', 'تقرت'),
(1091, 'بلدة اعمر', 'تماسين', '55', 'تقرت'),
(1092, 'العالية', 'الحجيرة', '55', 'تقرت'),
(1093, 'البرمة', 'البرمة', '30', 'ورقلة'),
(1094, 'الحجيرة', 'الحجيرة', '55', 'تقرت'),
(1095, 'حاسي بن عبد الله', 'سيدي خويلد', '30', 'ورقلة'),
(1096, 'حاسي مسعود', 'حاسي مسعود', '30', 'ورقلة'),
(1097, 'المقارين', 'المقارين', '55', 'تقرت'),
(1098, 'المنقر', 'الطيبات', '55', 'تقرت'),
(1099, 'النزلة', 'تقرت', '55', 'تقرت'),
(1100, 'انقوسة', 'انقوسة', '30', 'ورقلة'),
(1101, 'ورقلة', 'ورقلة', '30', 'ورقلة'),
(1102, 'الرويسات', 'ورقلة', '30', 'ورقلة'),
(1103, 'سيدي خويلد', 'سيدي خويلد', '30', 'ورقلة'),
(1104, 'سيدي سليمان', 'المقارين', '55', 'تقرت'),
(1105, 'الطيبات', 'الطيبات', '55', 'تقرت'),
(1106, 'تبسبست', 'تقرت', '55', 'تقرت'),
(1107, 'تماسين', 'تماسين', '55', 'تقرت'),
(1108, 'تقرت', 'تقرت', '55', 'تقرت'),
(1109, 'الزاوية العابدية', 'تقرت', '55', 'تقرت'),
(1110, 'عين البية', 'بطيوة', '31', 'وهران'),
(1111, 'عين الكرمة', 'بوتليليس', '31', 'وهران'),
(1112, 'عين الترك', 'عين الترك', '31', 'وهران'),
(1113, 'أرزيو', 'أرزيو', '31', 'وهران'),
(1114, 'بن فريحة', 'قديل', '31', 'وهران');
INSERT INTO `algeria_cities` (`id`, `commune_name`, `daira_name`, `wilaya_code`, `wilaya_name`) VALUES
(1115, 'بطيوة', 'بطيوة', '31', 'وهران'),
(1116, 'بئر الجير', 'بئر الجير', '31', 'وهران'),
(1117, 'بوفاتيس', 'وادي تليلات', '31', 'وهران'),
(1118, 'بوسفر', 'عين الترك', '31', 'وهران'),
(1119, 'بوتليليس', 'بوتليليس', '31', 'وهران'),
(1120, 'العنصر', 'عين الترك', '31', 'وهران'),
(1121, 'البراية', 'وادي تليلات', '31', 'وهران'),
(1122, 'الكرمة', 'السانية', '31', 'وهران'),
(1123, 'السانية', 'السانية', '31', 'وهران'),
(1124, 'قديل', 'قديل', '31', 'وهران'),
(1125, 'حاسي بن عقبة', 'بئر الجير', '31', 'وهران'),
(1126, 'حاسي بونيف', 'بئر الجير', '31', 'وهران'),
(1127, 'حاسي مفسوخ', 'قديل', '31', 'وهران'),
(1128, 'مرسى الحجاج', 'بطيوة', '31', 'وهران'),
(1129, 'المرسى الكبير', 'عين الترك', '31', 'وهران'),
(1130, 'مسرغين', 'بوتليليس', '31', 'وهران'),
(1131, 'وهران', 'وهران', '31', 'وهران'),
(1132, 'وادي تليلات', 'وادي تليلات', '31', 'وهران'),
(1133, 'سيدي بن يبقى', 'أرزيو', '31', 'وهران'),
(1134, 'سيدي الشحمي', 'السانية', '31', 'وهران'),
(1135, 'طفراوي', 'وادي تليلات', '31', 'وهران'),
(1136, 'عين العراك', 'الأبيض سيدي الشيخ', '32', 'البيض'),
(1137, 'اربوات', 'الأبيض سيدي الشيخ', '32', 'البيض'),
(1138, 'بوعلام', 'بوعلام', '32', 'البيض'),
(1139, 'بوقطب', 'بوقطب', '32', 'البيض'),
(1140, 'بوسمغون', 'بوسمغون', '32', 'البيض'),
(1141, 'بريزينة', 'بريزينة', '32', 'البيض'),
(1142, 'الشقيق', 'رقاصة', '32', 'البيض'),
(1143, 'شلالة', 'شلالة', '32', 'البيض'),
(1144, 'البيض', 'البيض', '32', 'البيض'),
(1145, 'الأبيض سيدي الشيخ', 'الأبيض سيدي الشيخ', '32', 'البيض'),
(1146, 'البنود', 'الأبيض سيدي الشيخ', '32', 'البيض'),
(1147, 'الخيثر', 'بوقطب', '32', 'البيض'),
(1148, 'المحرة', 'شلالة', '32', 'البيض'),
(1149, 'الغاسول', 'بريزينة', '32', 'البيض'),
(1150, 'الكاف الأحمر', 'رقاصة', '32', 'البيض'),
(1151, 'كراكدة', 'بريزينة', '32', 'البيض'),
(1152, 'رقاصة', 'رقاصة', '32', 'البيض'),
(1153, 'سيدي عامر', 'بوعلام', '32', 'البيض'),
(1154, 'سيدي سليمان', 'بوعلام', '32', 'البيض'),
(1155, 'سيدي طيفور', 'بوعلام', '32', 'البيض'),
(1156, 'ستيتن', 'بوعلام', '32', 'البيض'),
(1157, 'توسمولين', 'بوقطب', '32', 'البيض'),
(1158, 'برج الحواس', 'جانت', '56', 'جانت'),
(1159, 'برج عمر إدريس', 'إن أمناس', '33', 'إليزي'),
(1160, 'دبداب', 'إن أمناس', '33', 'إليزي'),
(1161, 'جانت', 'جانت', '56', 'جانت'),
(1162, 'إيليزي', 'إيليزي', '33', 'إليزي'),
(1163, 'إن أمناس', 'إن أمناس', '33', 'إليزي'),
(1164, 'عين تاغروت', 'عين تاغروت', '34', 'برج بوعريريج'),
(1165, 'عين تسرة', 'رأس الوادي', '34', 'برج بوعريريج'),
(1166, 'برج بوعريرج', 'برج بوعريريج', '34', 'برج بوعريريج'),
(1167, 'بليمور', 'برج الغدير', '34', 'برج بوعريريج'),
(1168, 'بن داود', 'المنصورة', '34', 'برج بوعريريج'),
(1169, 'بئر قاصد علي', 'بئر قاصد علي', '34', 'برج بوعريريج'),
(1170, 'برج الغدير', 'برج الغدير', '34', 'برج بوعريريج'),
(1171, 'برج زمورة', 'برج زمورة', '34', 'برج بوعريريج'),
(1172, 'القلة', 'جعافرة', '34', 'برج بوعريريج'),
(1173, 'جعافرة', 'جعافرة', '34', 'برج بوعريريج'),
(1174, 'العش', 'الحمادية', '34', 'برج بوعريريج'),
(1175, 'الياشير', 'مجانة', '34', 'برج بوعريريج'),
(1176, 'العناصر', 'برج الغدير', '34', 'برج بوعريريج'),
(1177, 'الحمادية', 'الحمادية', '34', 'برج بوعريريج'),
(1178, 'الماين', 'جعافرة', '34', 'برج بوعريريج'),
(1179, 'المهير', 'المنصورة', '34', 'برج بوعريريج'),
(1180, 'غيلاسة', 'برج الغدير', '34', 'برج بوعريريج'),
(1181, 'حرازة', 'المنصورة', '34', 'برج بوعريريج'),
(1182, 'حسناوة', 'مجانة', '34', 'برج بوعريريج'),
(1183, 'خليل', 'بئر قاصد علي', '34', 'برج بوعريريج'),
(1184, 'القصور', 'الحمادية', '34', 'برج بوعريريج'),
(1185, 'المنصورة', 'المنصورة', '34', 'برج بوعريريج'),
(1186, 'مجانة', 'مجانة', '34', 'برج بوعريريج'),
(1187, 'أولاد أبراهم', 'رأس الوادي', '34', 'برج بوعريريج'),
(1188, 'أولاد دحمان', 'برج زمورة', '34', 'برج بوعريريج'),
(1189, 'أولاد سيدي ابراهيم', 'المنصورة', '34', 'برج بوعريريج'),
(1190, 'الرابطة', 'الحمادية', '34', 'برج بوعريريج'),
(1191, 'رأس الوادي', 'رأس الوادي', '34', 'برج بوعريريج'),
(1192, 'سيدي أمبارك', 'بئر قاصد علي', '34', 'برج بوعريريج'),
(1193, 'تفرق', 'جعافرة', '34', 'برج بوعريريج'),
(1194, 'تقلعيت', 'برج الغدير', '34', 'برج بوعريريج'),
(1195, 'تسامرت', 'برج زمورة', '34', 'برج بوعريريج'),
(1196, 'ثنية النصر', 'مجانة', '34', 'برج بوعريريج'),
(1197, 'تيكستار', 'عين تاغروت', '34', 'برج بوعريريج'),
(1198, 'أعفير', 'دلس', '35', 'بومرداس'),
(1199, 'عمال', 'الثنية', '35', 'بومرداس'),
(1200, 'بغلية', 'بغلية', '35', 'بومرداس'),
(1201, 'بن شود', 'دلس', '35', 'بومرداس'),
(1202, 'بني عمران', 'الثنية', '35', 'بومرداس'),
(1203, 'برج منايل', 'برج منايل', '35', 'بومرداس'),
(1204, 'بودواو', 'بودواو', '35', 'بومرداس'),
(1205, 'بودواو البحري', 'بودواو', '35', 'بومرداس'),
(1206, 'بومرداس', 'بومرداس', '35', 'بومرداس'),
(1207, 'بوزقزة قدارة', 'بودواو', '35', 'بومرداس'),
(1208, 'شعبة العامر', 'يسر', '35', 'بومرداس'),
(1209, 'قورصو', 'بومرداس', '35', 'بومرداس'),
(1210, 'دلس', 'دلس', '35', 'بومرداس'),
(1211, 'جنات', 'برج منايل', '35', 'بومرداس'),
(1212, 'الخروبة', 'بودواو', '35', 'بومرداس'),
(1213, 'حمادي', 'خميس الخشنة', '35', 'بومرداس'),
(1214, 'يسر', 'يسر', '35', 'بومرداس'),
(1215, 'خميس الخشنة', 'خميس الخشنة', '35', 'بومرداس'),
(1216, 'الاربعطاش', 'خميس الخشنة', '35', 'بومرداس'),
(1217, 'لقاطة', 'برج منايل', '35', 'بومرداس'),
(1218, 'الناصرية', 'الناصرية', '35', 'بومرداس'),
(1219, 'أولاد عيسى', 'الناصرية', '35', 'بومرداس'),
(1220, 'أولاد هداج', 'بودواو', '35', 'بومرداس'),
(1221, 'أولاد موسى', 'خميس الخشنة', '35', 'بومرداس'),
(1222, 'سي مصطفى', 'يسر', '35', 'بومرداس'),
(1223, 'سيدي داود', 'بغلية', '35', 'بومرداس'),
(1224, 'سوق الحد', 'الثنية', '35', 'بومرداس'),
(1225, 'تاورقة', 'بغلية', '35', 'بومرداس'),
(1226, 'الثنية', 'الثنية', '35', 'بومرداس'),
(1227, 'تيجلابين', 'بومرداس', '35', 'بومرداس'),
(1228, 'تيمزريت', 'يسر', '35', 'بومرداس'),
(1229, 'زموري', 'برج منايل', '35', 'بومرداس'),
(1230, 'عين العسل', 'الطارف', '36', 'الطارف'),
(1231, 'عين الكرمة', 'بوحجار', '36', 'الطارف'),
(1232, 'عصفور', 'البسباس', '36', 'الطارف'),
(1233, 'بن مهيدي', 'بن مهيدي', '36', 'الطارف'),
(1234, 'بريحان', 'بن مهيدي', '36', 'الطارف'),
(1235, 'البسباس', 'البسباس', '36', 'الطارف'),
(1236, 'بوقوس', 'الطارف', '36', 'الطارف'),
(1237, 'بوحجار', 'بوحجار', '36', 'الطارف'),
(1238, 'بوثلجة', 'بوثلجة', '36', 'الطارف'),
(1239, 'شبيطة مختار', 'الذرعان', '36', 'الطارف'),
(1240, 'الشافية', 'بوثلجة', '36', 'الطارف'),
(1241, 'شحاني', 'الذرعان', '36', 'الطارف'),
(1242, 'الذرعـان', 'الذرعان', '36', 'الطارف'),
(1243, 'الشط', 'بن مهيدي', '36', 'الطارف'),
(1244, 'العيون', 'القالة', '36', 'الطارف'),
(1245, 'القالة', 'القالة', '36', 'الطارف'),
(1246, 'الطارف', 'الطارف', '36', 'الطارف'),
(1247, 'حمام بني صالح', 'بوحجار', '36', 'الطارف'),
(1248, 'بحيرة الطيور', 'بوثلجة', '36', 'الطارف'),
(1249, 'وادي الزيتون', 'بوحجار', '36', 'الطارف'),
(1250, 'رمل السوق', 'القالة', '36', 'الطارف'),
(1251, 'السوارخ', 'القالة', '36', 'الطارف'),
(1252, 'زريزر', 'البسباس', '36', 'الطارف'),
(1253, 'الزيتونة', 'الطارف', '36', 'الطارف'),
(1254, 'أم العسل', 'تندوف', '37', 'تندوف'),
(1255, 'تندوف', 'تندوف', '37', 'تندوف'),
(1256, 'عماري', 'عماري', '38', 'تيسمسيلت'),
(1257, 'بني شعيب', 'برج بونعامة', '38', 'تيسمسيلت'),
(1258, 'بني لحسن', 'برج بونعامة', '38', 'تيسمسيلت'),
(1259, 'برج بونعامة', 'برج بونعامة', '38', 'تيسمسيلت'),
(1260, 'برج الأمير عبد القادر', 'برج الأمير عبد القادر', '38', 'تيسمسيلت'),
(1261, 'بوقائد', 'الأزهرية', '38', 'تيسمسيلت'),
(1262, 'خميستي', 'خميستي', '38', 'تيسمسيلت'),
(1263, 'الأربعاء', 'الأزهرية', '38', 'تيسمسيلت'),
(1264, 'لرجام', 'لرجام', '38', 'تيسمسيلت'),
(1265, 'العيون', 'خميستي', '38', 'تيسمسيلت'),
(1266, 'الأزهرية', 'الأزهرية', '38', 'تيسمسيلت'),
(1267, 'المعاصم', 'عماري', '38', 'تيسمسيلت'),
(1268, 'الملعب', 'لرجام', '38', 'تيسمسيلت'),
(1269, 'أولاد بسام', 'تيسمسيلت', '38', 'تيسمسيلت'),
(1270, 'سيدي عابد', 'عماري', '38', 'تيسمسيلت'),
(1271, 'سيدي بوتوشنت', 'ثنية الاحد', '38', 'تيسمسيلت'),
(1272, 'سيدي العنتري', 'لرجام', '38', 'تيسمسيلت'),
(1273, 'سيدي سليمان', 'برج بونعامة', '38', 'تيسمسيلت'),
(1274, 'تملاحت', 'لرجام', '38', 'تيسمسيلت'),
(1275, 'ثنية الاحد', 'ثنية الاحد', '38', 'تيسمسيلت'),
(1276, 'تيسمسيلت', 'تيسمسيلت', '38', 'تيسمسيلت'),
(1277, 'اليوسفية', 'برج الأمير عبد القادر', '38', 'تيسمسيلت'),
(1278, 'البياضة', 'البياضة', '39', 'الوادي'),
(1279, 'بن  قشة', 'الطالب العربي', '39', 'الوادي'),
(1280, 'الدبيلة', 'الدبيلة', '39', 'الوادي'),
(1281, 'جامعة', 'جامعة', '57', 'المغير'),
(1282, 'دوار الماء', 'الطالب العربي', '39', 'الوادي'),
(1283, 'العقلة', 'الرباح', '39', 'الوادي'),
(1284, 'المغير', 'المغير', '57', 'المغير'),
(1285, 'الوادي', 'الوادي', '39', 'الوادي'),
(1286, 'قمار', 'قمار', '39', 'الوادي'),
(1287, 'الحمراية', 'الرقيبة', '39', 'الوادي'),
(1288, 'حساني عبد الكريم', 'الدبيلة', '39', 'الوادي'),
(1289, 'حاسي خليفة', 'حاسي خليفة', '39', 'الوادي'),
(1290, 'كوينين', 'الوادي', '39', 'الوادي'),
(1291, 'المقرن', 'المقرن', '39', 'الوادي'),
(1292, 'اميه وانسة', 'اميه وانسة', '39', 'الوادي'),
(1293, 'المرارة', 'جامعة', '57', 'المغير'),
(1294, 'النخلة', 'الرباح', '39', 'الوادي'),
(1295, 'وادي العلندة', 'اميه وانسة', '39', 'الوادي'),
(1296, 'أم الطيور', 'المغير', '57', 'المغير'),
(1297, 'ورماس', 'قمار', '39', 'الوادي'),
(1298, 'الرقيبة', 'الرقيبة', '39', 'الوادي'),
(1299, 'الرباح', 'الرباح', '39', 'الوادي'),
(1300, 'سيدي عمران', 'جامعة', '57', 'المغير'),
(1301, 'سيدي عون', 'المقرن', '39', 'الوادي'),
(1302, 'سيدي خليل', 'المغير', '57', 'المغير'),
(1303, 'سطيل', 'المغير', '57', 'المغير'),
(1304, 'تغزوت', 'قمار', '39', 'الوادي'),
(1305, 'الطالب العربي', 'الطالب العربي', '39', 'الوادي'),
(1306, 'تندلة', 'جامعة', '57', 'المغير'),
(1307, 'الطريفاوي', 'حاسي خليفة', '39', 'الوادي'),
(1308, 'عين الطويلة', 'عين الطويلة', '40', 'خنشلة'),
(1309, 'بابار', 'بابار', '40', 'خنشلة'),
(1310, 'بغاي', 'الحامة', '40', 'خنشلة'),
(1311, 'بوحمامة', 'بوحمامة', '40', 'خنشلة'),
(1312, 'ششار', 'ششار', '40', 'خنشلة'),
(1313, 'شلية', 'بوحمامة', '40', 'خنشلة'),
(1314, 'جلال', 'ششار', '40', 'خنشلة'),
(1315, 'الحامة', 'الحامة', '40', 'خنشلة'),
(1316, 'المحمل', 'أولاد رشاش', '40', 'خنشلة'),
(1317, 'الولجة', 'ششار', '40', 'خنشلة'),
(1318, 'انسيغة', 'الحامة', '40', 'خنشلة'),
(1319, 'قايس', 'قايس', '40', 'خنشلة'),
(1320, 'خنشلة', 'خنشلة', '40', 'خنشلة'),
(1321, 'خيران', 'ششار', '40', 'خنشلة'),
(1322, 'مصارة', 'بوحمامة', '40', 'خنشلة'),
(1323, 'متوسة', 'عين الطويلة', '40', 'خنشلة'),
(1324, 'أولاد رشاش', 'أولاد رشاش', '40', 'خنشلة'),
(1325, 'الرميلة', 'قايس', '40', 'خنشلة'),
(1326, 'طامزة', 'الحامة', '40', 'خنشلة'),
(1327, 'تاوزيانت', 'قايس', '40', 'خنشلة'),
(1328, 'يابوس', 'بوحمامة', '40', 'خنشلة'),
(1329, 'عين سلطان', 'سدراتة', '41', 'سوق أهراس'),
(1330, 'عين الزانة', 'أولاد إدريس', '41', 'سوق أهراس'),
(1331, 'بئر بوحوش', 'بئر بوحوش', '41', 'سوق أهراس'),
(1332, 'الدريعة', 'تاورة', '41', 'سوق أهراس'),
(1333, 'الحدادة', 'الحدادة', '41', 'سوق أهراس'),
(1334, 'الحنانشة', 'المشروحة', '41', 'سوق أهراس'),
(1335, 'الخضارة', 'الحدادة', '41', 'سوق أهراس'),
(1336, 'خميسة', 'سدراتة', '41', 'سوق أهراس'),
(1337, 'المشروحة', 'المشروحة', '41', 'سوق أهراس'),
(1338, 'مداوروش', 'مداوروش', '41', 'سوق أهراس'),
(1339, 'المراهنة', 'المراهنة', '41', 'سوق أهراس'),
(1340, 'وادي الكبريت', 'أم العظايم', '41', 'سوق أهراس'),
(1341, 'أولاد إدريس', 'أولاد إدريس', '41', 'سوق أهراس'),
(1342, 'أولاد مومن', 'الحدادة', '41', 'سوق أهراس'),
(1343, 'أم العظايم', 'أم العظايم', '41', 'سوق أهراس'),
(1344, 'ويلان', 'المراهنة', '41', 'سوق أهراس'),
(1345, 'الراقوبة', 'مداوروش', '41', 'سوق أهراس'),
(1346, 'سافل الويدان', 'بئر بوحوش', '41', 'سوق أهراس'),
(1347, 'سدراتة', 'سدراتة', '41', 'سوق أهراس'),
(1348, 'سيدي فرج', 'المراهنة', '41', 'سوق أهراس'),
(1349, 'سوق أهراس', 'سوق أهراس', '41', 'سوق أهراس'),
(1350, 'تاورة', 'تاورة', '41', 'سوق أهراس'),
(1351, 'ترقالت', 'أم العظايم', '41', 'سوق أهراس'),
(1352, 'تيفاش', 'مداوروش', '41', 'سوق أهراس'),
(1353, 'الزعرورية', 'تاورة', '41', 'سوق أهراس'),
(1354, 'الزوابي', 'بئر بوحوش', '41', 'سوق أهراس'),
(1355, 'أغبال', 'قوراية', '42', 'تيبازة'),
(1356, 'أحمر العين', 'أحمر العين', '42', 'تيبازة'),
(1357, 'عين تاقورايت', 'بواسماعيل', '42', 'تيبازة'),
(1358, 'الحطاطبة', 'القليعة', '42', 'تيبازة'),
(1359, 'بني ميلك', 'الداموس', '42', 'تيبازة'),
(1360, 'بوهارون', 'بواسماعيل', '42', 'تيبازة'),
(1361, 'بواسماعيل', 'بواسماعيل', '42', 'تيبازة'),
(1362, 'بورقيقة', 'أحمر العين', '42', 'تيبازة'),
(1363, 'الشعيبة', 'القليعة', '42', 'تيبازة'),
(1364, 'شرشال', 'شرشال', '42', 'تيبازة'),
(1365, 'الداموس', 'الداموس', '42', 'تيبازة'),
(1366, 'دواودة', 'فوكة', '42', 'تيبازة'),
(1367, 'فوكة', 'فوكة', '42', 'تيبازة'),
(1368, 'قوراية', 'قوراية', '42', 'تيبازة'),
(1369, 'حجوط', 'حجوط', '42', 'تيبازة'),
(1370, 'حجرة النص', 'شرشال', '42', 'تيبازة'),
(1371, 'خميستي', 'بواسماعيل', '42', 'تيبازة'),
(1372, 'القليعة', 'القليعة', '42', 'تيبازة'),
(1373, 'الأرهاط', 'الداموس', '42', 'تيبازة'),
(1374, 'مناصر', 'سيدي أعمر', '42', 'تيبازة'),
(1375, 'مراد', 'حجوط', '42', 'تيبازة'),
(1376, 'مسلمون', 'قوراية', '42', 'تيبازة'),
(1377, 'الناظور', 'سيدي أعمر', '42', 'تيبازة'),
(1378, 'سيدي غيلاس', 'شرشال', '42', 'تيبازة'),
(1379, 'سيدي راشد', 'أحمر العين', '42', 'تيبازة'),
(1380, 'سيدي سميان', 'شرشال', '42', 'تيبازة'),
(1381, 'سيدي عامر', 'سيدي أعمر', '42', 'تيبازة'),
(1382, 'تيبازة', 'تيبازة', '42', 'تيبازة'),
(1383, 'أحمد راشدي', 'وادي النجاء', '43', 'ميلة'),
(1384, ' عين البيضاء أحريش', 'عين البيضاء أحريش', '43', 'ميلة'),
(1385, 'عين الملوك', 'شلغوم العيد', '43', 'ميلة'),
(1386, 'عين التين', 'ميلة', '43', 'ميلة'),
(1387, 'اعميرة اراس', 'ترعي باينان', '43', 'ميلة'),
(1388, 'بن يحي عبد الرحمن', 'تاجنانت', '43', 'ميلة'),
(1389, 'بوحاتم', 'بوحاتم', '43', 'ميلة'),
(1390, 'شلغوم العيد', 'شلغوم العيد', '43', 'ميلة'),
(1391, 'الشيقارة', 'سيدي مروان', '43', 'ميلة'),
(1392, 'دراحي بوصلاح', 'بوحاتم', '43', 'ميلة'),
(1393, 'العياضي برباس', 'عين البيضاء أحريش', '43', 'ميلة'),
(1394, 'مشيرة', 'التلاغمة', '43', 'ميلة'),
(1395, 'فرجيوة', 'فرجيوة', '43', 'ميلة'),
(1396, 'القرارم قوقة', 'القرارم قوقة', '43', 'ميلة'),
(1397, 'حمالة', 'القرارم قوقة', '43', 'ميلة'),
(1398, 'ميلة', 'ميلة', '43', 'ميلة'),
(1399, 'مينار زارزة', 'تسدان حدادة', '43', 'ميلة'),
(1400, 'وادي العثمانية', 'شلغوم العيد', '43', 'ميلة'),
(1401, 'وادي النجاء', 'وادي النجاء', '43', 'ميلة'),
(1402, 'وادي سقان', 'التلاغمة', '43', 'ميلة'),
(1403, 'أولاد اخلوف', 'تاجنانت', '43', 'ميلة'),
(1404, 'الرواشد', 'الرواشد', '43', 'ميلة'),
(1405, 'سيدي خليفة', 'ميلة', '43', 'ميلة'),
(1406, 'سيدي مروان', 'سيدي مروان', '43', 'ميلة'),
(1407, 'تاجنانت', 'تاجنانت', '43', 'ميلة'),
(1408, 'تسدان حدادة', 'تسدان حدادة', '43', 'ميلة'),
(1409, 'التلاغمة', 'التلاغمة', '43', 'ميلة'),
(1410, 'ترعي باينان', 'ترعي باينان', '43', 'ميلة'),
(1411, 'تسالة لمطاعي', 'ترعي باينان', '43', 'ميلة'),
(1412, 'تيبرقنت', 'الرواشد', '43', 'ميلة'),
(1413, 'يحي بني قشة', 'فرجيوة', '43', 'ميلة'),
(1414, 'زغاية', 'وادي النجاء', '43', 'ميلة'),
(1415, 'عين البنيان', 'حمام ريغة', '44', 'عين الدفلة'),
(1416, 'عين بويحيى', 'العبادية', '44', 'عين الدفلة'),
(1417, 'عين الدفلى', 'عين الدفلى', '44', 'عين الدفلة'),
(1418, 'عين الاشياخ', 'عين الاشياخ', '44', 'عين الدفلة'),
(1419, 'عين السلطان', 'عين الاشياخ', '44', 'عين الدفلة'),
(1420, 'عين التركي', 'حمام ريغة', '44', 'عين الدفلة'),
(1421, 'عريب', 'العامرة', '44', 'عين الدفلة'),
(1422, 'بربوش', 'جندل', '44', 'عين الدفلة'),
(1423, 'بطحية', 'بطحية', '44', 'عين الدفلة'),
(1424, 'بلعاص', 'بطحية', '44', 'عين الدفلة'),
(1425, 'بن علال', 'مليانة', '44', 'عين الدفلة'),
(1426, 'بئر ولد خليفة', 'برج الأمير خالد', '44', 'عين الدفلة'),
(1427, 'برج الأمير خالد', 'برج الأمير خالد', '44', 'عين الدفلة'),
(1428, 'بومدفع', 'بومدفع', '44', 'عين الدفلة'),
(1429, 'بوراشد', 'جليدة', '44', 'عين الدفلة'),
(1430, 'جليدة', 'جليدة', '44', 'عين الدفلة'),
(1431, 'جمعة أولاد الشيخ', 'جليدة', '44', 'عين الدفلة'),
(1432, 'جندل', 'جندل', '44', 'عين الدفلة'),
(1433, 'العبادية', 'العبادية', '44', 'عين الدفلة'),
(1434, 'العامرة', 'العامرة', '44', 'عين الدفلة'),
(1435, 'العطاف', 'العطاف', '44', 'عين الدفلة'),
(1436, 'الماين', 'الروينة', '44', 'عين الدفلة'),
(1437, 'حمام ريغة', 'حمام ريغة', '44', 'عين الدفلة'),
(1438, 'الحسانية', 'بطحية', '44', 'عين الدفلة'),
(1439, 'الحسينية', 'بومدفع', '44', 'عين الدفلة'),
(1440, 'خميس مليانة', 'خميس', '44', 'عين الدفلة'),
(1441, 'المخاطرية', 'العامرة', '44', 'عين الدفلة'),
(1442, 'مليانة', 'مليانة', '44', 'عين الدفلة'),
(1443, 'وادي الشرفاء', 'جندل', '44', 'عين الدفلة'),
(1444, 'واد الجمعة', 'عين الاشياخ', '44', 'عين الدفلة'),
(1445, 'الروينة', 'الروينة', '44', 'عين الدفلة'),
(1446, 'سيدي الأخضر', 'خميس', '44', 'عين الدفلة'),
(1447, 'تاشتة زقاغة', 'العبادية', '44', 'عين الدفلة'),
(1448, 'طارق بن زياد', 'برج الأمير خالد', '44', 'عين الدفلة'),
(1449, 'تبركانين', 'العطاف', '44', 'عين الدفلة'),
(1450, 'زدين', 'الروينة', '44', 'عين الدفلة'),
(1451, 'عين بن خليل', 'المشرية', '45', 'النعامة'),
(1452, 'عين الصفراء', 'عين الصفراء', '45', 'النعامة'),
(1453, 'عسلة', 'عسلة', '45', 'النعامة'),
(1454, 'جنين بورزق', 'مغرار', '45', 'النعامة'),
(1455, 'البيوض', 'المشرية', '45', 'النعامة'),
(1456, 'القصدير', 'مكمن بن عمار', '45', 'النعامة'),
(1457, 'مكمن بن عمار', 'مكمن بن عمار', '45', 'النعامة'),
(1458, 'المشرية', 'المشرية', '45', 'النعامة'),
(1459, 'مغرار', 'مغرار', '45', 'النعامة'),
(1460, 'النعامة', 'النعامة', '45', 'النعامة'),
(1461, 'سفيسيفة', 'سفيسيفة', '45', 'النعامة'),
(1462, 'تيوت', 'عين الصفراء', '45', 'النعامة'),
(1463, 'أغلال', 'عين الكيحل', '46', 'عين تيموشنت'),
(1464, 'عين الأربعاء', 'عين الأربعاء', '46', 'عين تيموشنت'),
(1465, 'عين الكيحل', 'عين الكيحل', '46', 'عين تيموشنت'),
(1466, 'عين تموشنت', 'عين تموشنت', '46', 'عين تيموشنت'),
(1467, 'عين الطلبة', 'عين الكيحل', '46', 'عين تيموشنت'),
(1468, 'عقب الليل', 'عين الكيحل', '46', 'عين تيموشنت'),
(1469, 'بني صاف', 'بني صاف', '46', 'عين تيموشنت'),
(1470, 'بوزجار', 'العامرية', '46', 'عين تيموشنت'),
(1471, 'شعبة اللحم', 'المالح', '46', 'عين تيموشنت'),
(1472, 'شنتوف', 'حمام بوحجر', '46', 'عين تيموشنت'),
(1473, 'العامرية', 'العامرية', '46', 'عين تيموشنت'),
(1474, 'المالح', 'المالح', '46', 'عين تيموشنت'),
(1475, 'المساعيد', 'العامرية', '46', 'عين تيموشنت'),
(1476, 'الأمير عبد القادر', 'بني صاف', '46', 'عين تيموشنت'),
(1477, 'حمام بوحجر', 'حمام بوحجر', '46', 'عين تيموشنت'),
(1478, 'الحساسنة', 'حمام بوحجر', '46', 'عين تيموشنت'),
(1479, 'حاسي الغلة', 'العامرية', '46', 'عين تيموشنت'),
(1480, 'وادي برقش', 'حمام بوحجر', '46', 'عين تيموشنت'),
(1481, 'وادي الصباح', 'عين الأربعاء', '46', 'عين تيموشنت'),
(1482, 'أولاد بوجمعة', 'العامرية', '46', 'عين تيموشنت'),
(1483, 'أولاد الكيحل', 'المالح', '46', 'عين تيموشنت'),
(1484, 'ولهاصة الغرابة', 'ولهاصة الغرابة', '46', 'عين تيموشنت'),
(1485, 'سيدي بن عدة', 'عين تموشنت', '46', 'عين تيموشنت'),
(1486, 'سيدي بومدين', 'عين الأربعاء', '46', 'عين تيموشنت'),
(1487, 'سيدي ورياش', 'ولهاصة الغرابة', '46', 'عين تيموشنت'),
(1488, 'سيدي صافي', 'بني صاف', '46', 'عين تيموشنت'),
(1489, 'تامزورة', 'عين الأربعاء', '46', 'عين تيموشنت'),
(1490, 'تارقة', 'المالح', '46', 'عين تيموشنت'),
(1491, 'بريان', 'بريان', '47', 'غرداية'),
(1492, 'بونورة', 'بونورة', '47', 'غرداية'),
(1493, 'ضاية بن ضحوة', 'ضاية بن ضحوة', '47', 'غرداية'),
(1494, 'العطف', 'بونورة', '47', 'غرداية'),
(1495, 'المنيعة', 'المنيعة', '58', 'المنيعة'),
(1496, 'غرداية', 'غرداية', '47', 'غرداية'),
(1497, 'القرارة', 'القرارة', '47', 'غرداية'),
(1498, 'حاسي الفحل', 'المنصورة', '58', 'المنيعة'),
(1499, 'حاسي القارة', 'المنيعة', '58', 'المنيعة'),
(1500, 'المنصورة', 'المنصورة', '47', 'غرداية'),
(1501, 'متليلي', 'متليلي', '47', 'غرداية'),
(1502, 'سبسب', 'متليلي', '47', 'غرداية'),
(1503, 'زلفانة', 'زلفانة', '47', 'غرداية'),
(1504, 'عين الرحمة', 'يلل', '48', 'غليزان'),
(1505, 'عين طارق', 'عين طارق', '48', 'غليزان'),
(1506, 'عمي موسى', 'عمي موسى', '48', 'غليزان'),
(1507, 'بلعسل بوزقزة', 'المطمر', '48', 'غليزان'),
(1508, 'بن داود', 'غليزان', '48', 'غليزان'),
(1509, 'بني درقن', 'زمورة', '48', 'غليزان'),
(1510, 'بني زنطيس', 'سيدي أمحمد بن علي', '48', 'غليزان'),
(1511, 'دار بن عبد الله', 'زمورة', '48', 'غليزان'),
(1512, 'جديوية', 'جديوية', '48', 'غليزان'),
(1513, 'الحاسي', 'عمي موسى', '48', 'غليزان'),
(1514, 'الحمادنة', 'الحمادنة', '48', 'غليزان'),
(1515, 'الولجة', 'عمي موسى', '48', 'غليزان'),
(1516, 'القطار', 'مازونة', '48', 'غليزان'),
(1517, 'المطمر', 'المطمر', '48', 'غليزان'),
(1518, 'حد الشكالة', 'عين طارق', '48', 'غليزان'),
(1519, 'حمري', 'جديوية', '48', 'غليزان'),
(1520, 'القلعة', 'يلل', '48', 'غليزان'),
(1521, 'لحلاف', 'وادي رهيو', '48', 'غليزان'),
(1522, 'مازونة', 'مازونة', '48', 'غليزان'),
(1523, 'مديونة', 'سيدي أمحمد بن علي', '48', 'غليزان'),
(1524, 'منداس', 'منداس', '48', 'غليزان'),
(1525, 'مرجة سيدي عابد', 'وادي رهيو', '48', 'غليزان'),
(1526, 'واريزان', 'وادي رهيو', '48', 'غليزان'),
(1527, 'وادي الجمعة', 'الحمادنة', '48', 'غليزان'),
(1528, 'وادي السلام', 'منداس', '48', 'غليزان'),
(1529, 'وادي رهيو', 'وادي رهيو', '48', 'غليزان'),
(1530, 'أولاد يعيش', 'عمي موسى', '48', 'غليزان'),
(1531, 'أولاد سيدي الميهوب', 'جديوية', '48', 'غليزان'),
(1532, 'الرمكة', 'الرمكة', '48', 'غليزان'),
(1533, 'غليزان', 'غليزان', '48', 'غليزان'),
(1534, 'سيدي  خطاب', 'المطمر', '48', 'غليزان'),
(1535, 'سيدي لزرق', 'منداس', '48', 'غليزان'),
(1536, 'سيدي أمحمد بن علي', 'سيدي أمحمد بن علي', '48', 'غليزان'),
(1537, 'سيدي امحمد بن عودة', 'المطمر', '48', 'غليزان'),
(1538, 'سيدي سعادة', 'يلل', '48', 'غليزان'),
(1539, 'سوق الحد', 'الرمكة', '48', 'غليزان'),
(1540, 'يلل', 'يلل', '48', 'غليزان'),
(1541, 'زمورة', 'زمورة', '48', 'غليزان');

-- --------------------------------------------------------

--
-- Table structure for table `insurances`
--

CREATE TABLE `insurances` (
  `id` int NOT NULL,
  `member_id` varchar(50) NOT NULL DEFAULT '',
  `insurance_number` varchar(50) DEFAULT NULL,
  `general_command` int DEFAULT '0',
  `month` int DEFAULT NULL,
  `year` int NOT NULL,
  `created_at` timestamp NULL DEFAULT CURRENT_TIMESTAMP,
  `created_by` varchar(255) NOT NULL,
  `updated_at` timestamp NULL DEFAULT CURRENT_TIMESTAMP ON UPDATE CURRENT_TIMESTAMP,
  `updated_by` varchar(255) NOT NULL,
  `amount` decimal(10,2) NOT NULL,
  `paid` tinyint(1) NOT NULL DEFAULT '0',
  `updated_at_paid` varchar(50) DEFAULT NULL,
  `archiv` int NOT NULL DEFAULT '0'
) ENGINE=InnoDB DEFAULT CHARSET=utf8mb4 COLLATE=utf8mb4_general_ci;

--
-- Dumping data for table `insurances`
--

INSERT INTO `insurances` (`id`, `member_id`, `insurance_number`, `general_command`, `month`, `year`, `created_at`, `created_by`, `updated_at`, `updated_by`, `amount`, `paid`, `updated_at_paid`, `archiv`) VALUES
(17, '288612', '', 0, NULL, 2021, '2024-06-13 03:18:40', '1', '2024-06-13 17:27:28', '1', '100.00', 0, NULL, 0),
(18, '524412', '78657', 1, NULL, 2023, '2024-06-13 03:19:11', '1', '2024-06-13 17:26:13', '1', '160.00', 1, NULL, 0),
(19, '341541', '12345', 1, NULL, 2023, '2024-06-13 03:38:51', '1', '2024-06-13 17:26:07', '1', '150.00', 0, NULL, 0),
(20, '357073', '', 0, NULL, 2021, '2024-06-13 03:39:54', '1', '2024-06-13 17:26:56', '1', '160.00', 0, NULL, 0),
(21, '615184', '', 0, NULL, 2021, '2024-06-13 03:40:06', '1', '2024-06-13 17:26:52', '1', '160.00', 0, NULL, 0),
(22, '097540', '', 0, NULL, 2022, '2024-06-13 07:36:43', '1', '2024-06-13 17:26:47', '1', '140.00', 1, NULL, 0),
(23, '097541', '20053', 1, NULL, 2023, '2024-06-13 07:38:50', '1', '2024-06-13 17:26:02', '1', '130.00', 1, NULL, 0),
(24, '097543', '', 0, NULL, 2022, '2024-06-13 07:39:02', '1', '2024-06-13 17:26:42', '1', '150.00', 1, NULL, 0),
(25, '987654', '', 0, NULL, 2022, '2024-06-13 17:25:24', '1', '2024-06-13 17:26:28', '1', '120.00', 0, NULL, 0),
(26, '876543', '875667', 1, NULL, 2023, '2024-06-13 17:25:35', '1', '2024-06-13 17:26:18', '1', '110.00', 1, NULL, 0),
(27, '615184', '', 0, NULL, 2024, '2024-06-13 17:27:49', '1', '2024-06-19 06:42:27', '1', '160.00', 0, '2024-06-19 07:42:27', 0),
(28, '654321', '0896', 1, NULL, 2024, '2024-06-13 17:28:09', '1', '2024-06-19 06:49:26', '1', '150.00', 1, '2024-06-19 07:49:26', 0),
(29, '097550', '', 0, NULL, 2024, '2024-06-13 17:28:16', '1', '2024-06-13 17:28:16', '1', '120.00', 0, NULL, 0),
(30, '097544', '5443', 1, NULL, 2024, '2024-06-13 17:28:26', '1', '2024-06-13 17:40:43', '1', '160.00', 0, NULL, 0),
(31, '097538', '', 0, NULL, 2024, '2024-06-13 17:28:35', '1', '2024-06-13 17:28:35', '1', '120.00', 0, NULL, 0),
(32, '097537', '123', 1, NULL, 2024, '2024-06-13 17:28:43', '1', '2024-06-19 06:48:51', '1', '120.00', 0, '2024-06-19 07:48:51', 0),
(33, '524412', '612', 1, NULL, 2024, '2024-01-13 17:28:52', '1', '2024-06-19 06:49:11', '1', '160.00', 1, '2024-06-19 07:49:11', 0),
(34, '357073', '', 0, NULL, 2024, '2024-06-13 17:29:06', '1', '2024-06-19 06:49:35', '1', '160.00', 1, '2024-06-19 07:49:35', 0),
(35, '524412', '', 0, NULL, 2021, '2024-06-13 23:42:37', '1', '2024-06-13 23:42:37', '1', '160.00', 1, NULL, 0),
(36, '524412', '5646', 1, NULL, 2018, '2024-06-13 23:43:08', '1', '2024-06-13 23:43:08', '1', '160.00', 0, NULL, 0),
(37, '097548', '', 0, NULL, 2024, '2024-06-18 23:59:08', '1', '2024-06-19 06:48:47', '1', '100.00', 0, '2024-06-19 07:48:47', 0),
(38, '876543', '', 0, NULL, 2024, '2024-06-19 06:55:43', '1', '2024-06-19 06:57:50', '1', '110.00', 1, '2024-06-19 07:55:43', 1),
(39, '876543', '', 0, NULL, 2024, '2024-06-19 06:58:11', '1', '2024-06-19 07:00:56', '1', '110.00', 1, '2024-06-19 07:58:11', 1),
(40, '876543', '', 0, NULL, 2024, '2024-06-19 07:01:02', '1', '2024-06-19 07:01:36', '1', '110.00', 1, '2024-06-19 08:01:02', 1),
(41, '876543', '', 0, NULL, 2024, '2024-06-19 07:01:43', '1', '2024-06-19 07:03:01', '1', '110.00', 1, '2024-06-19 08:01:43', 1),
(42, '876543', '', 0, NULL, 2024, '2024-06-19 07:03:33', '1', '2024-06-19 07:04:26', '1', '110.00', 1, '2024-06-19 08:03:33', 1),
(43, '876543', '', 0, NULL, 2024, '2024-06-19 07:04:30', '1', '2024-06-19 07:04:30', '1', '110.00', 0, '2024-06-19 08:04:30', 0),
(44, '852241', '', 0, NULL, 2024, '2024-06-19 07:04:42', '1', '2024-06-19 07:04:42', '1', '120.00', 1, '2024-06-19 08:04:42', 0),
(45, '765432', '', 0, NULL, 2024, '2024-06-19 07:07:06', '1', '2024-06-19 07:07:06', '1', '140.00', 1, '2024-06-19 08:07:06', 0),
(46, '234567', '', 0, NULL, 2024, '2024-06-19 07:07:48', '1', '2024-06-19 07:07:48', '1', '110.00', 1, '2024-06-19 08:07:48', 0),
(47, '987654', '', 0, NULL, 2024, '2024-06-19 07:08:02', '1', '2024-06-19 07:08:02', '1', '120.00', 0, '2024-06-19 08:08:02', 0),
(48, '567890', '', 0, NULL, 2024, '2024-07-08 19:09:11', '10', '2024-07-08 19:12:13', '10', '100.00', 0, '2024-07-08 20:11:48', 1);

-- --------------------------------------------------------

--
-- Table structure for table `members`
--

CREATE TABLE `members` (
  `id` int NOT NULL,
  `member_id` varchar(50) COLLATE utf8mb4_general_ci NOT NULL,
  `first_name` varchar(100) COLLATE utf8mb4_general_ci NOT NULL,
  `last_name` varchar(100) COLLATE utf8mb4_general_ci NOT NULL,
  `gender` enum('ذكر','أنثى') COLLATE utf8mb4_general_ci DEFAULT NULL,
  `dob` date NOT NULL,
  `place_of_increase` varchar(255) CHARACTER SET utf8mb4 COLLATE utf8mb4_general_ci NOT NULL,
  `father_name` varchar(100) COLLATE utf8mb4_general_ci DEFAULT NULL,
  `mother_name` varchar(100) COLLATE utf8mb4_general_ci DEFAULT NULL,
  `mother_last_name` varchar(100) COLLATE utf8mb4_general_ci DEFAULT NULL,
  `job_father` varchar(255) CHARACTER SET utf8mb4 COLLATE utf8mb4_general_ci NOT NULL,
  `job_mother` varchar(255) CHARACTER SET utf8mb4 COLLATE utf8mb4_general_ci NOT NULL,
  `sport` varchar(255) CHARACTER SET utf8mb4 COLLATE utf8mb4_general_ci DEFAULT NULL,
  `educational_institution` varchar(255) CHARACTER SET utf8mb4 COLLATE utf8mb4_general_ci DEFAULT NULL,
  `family_status` enum('مطلقان','وفاة الأب','وفاة الأم','وفاة كلا الوالدين','لا شي') COLLATE utf8mb4_general_ci DEFAULT NULL,
  `caregiver` varchar(100) COLLATE utf8mb4_general_ci DEFAULT NULL,
  `living_condition` enum('جيدة','عادية','تحت المتوسط','سيئة','سيئة جدا') COLLATE utf8mb4_general_ci DEFAULT NULL,
  `guardian_id_number` varchar(20) COLLATE utf8mb4_general_ci DEFAULT NULL,
  `phone_number` varchar(20) COLLATE utf8mb4_general_ci NOT NULL,
  `address` varchar(255) COLLATE utf8mb4_general_ci NOT NULL,
  `chronic_diseases` text COLLATE utf8mb4_general_ci,
  `hobbies` text COLLATE utf8mb4_general_ci,
  `picture` varchar(255) COLLATE utf8mb4_general_ci DEFAULT NULL,
  `scout_uniform_size` varchar(10) COLLATE utf8mb4_general_ci DEFAULT NULL,
  `has_scout_uniform` tinyint(1) NOT NULL,
  `scout_uniform_payer` tinyint(1) NOT NULL,
  `scout_unit` enum('أشبال','كشاف','جوال','زهرات','دليلات','مرشدات','قائد','عميد') CHARACTER SET utf8mb4 COLLATE utf8mb4_general_ci DEFAULT NULL,
  `joining_date` date DEFAULT NULL,
  `added_by` varchar(100) COLLATE utf8mb4_general_ci DEFAULT NULL,
  `added_date` timestamp NULL DEFAULT CURRENT_TIMESTAMP,
  `last_modified_date` timestamp NULL DEFAULT CURRENT_TIMESTAMP ON UPDATE CURRENT_TIMESTAMP,
  `last_modified_by` varchar(100) COLLATE utf8mb4_general_ci DEFAULT NULL,
  `archiv` tinyint NOT NULL DEFAULT '0',
  `data` json DEFAULT NULL
) ENGINE=InnoDB DEFAULT CHARSET=utf8mb4 COLLATE=utf8mb4_general_ci;

--
-- Dumping data for table `members`
--

INSERT INTO `members` (`id`, `member_id`, `first_name`, `last_name`, `gender`, `dob`, `place_of_increase`, `father_name`, `mother_name`, `mother_last_name`, `job_father`, `job_mother`, `sport`, `educational_institution`, `family_status`, `caregiver`, `living_condition`, `guardian_id_number`, `phone_number`, `address`, `chronic_diseases`, `hobbies`, `picture`, `scout_uniform_size`, `has_scout_uniform`, `scout_uniform_payer`, `scout_unit`, `joining_date`, `added_by`, `added_date`, `last_modified_date`, `last_modified_by`, `archiv`, `data`) VALUES
(1, '288612', 'dfgdf', 'dfgdfg', 'ذكر', '2021-05-13', '', 'dfgfd', 'dfgdfg', 'dfgdfg', 'test', 'test', 'test', 'test', 'لا شي', '', 'جيدة', '4567567567567', '0558601124', 'fghfghfgh', '', '', 'Members/user.png', '', 0, 1, 'أشبال', '2024-05-01', '1', '2024-05-19 05:03:13', '2024-05-29 20:12:43', '1', 0, NULL),
(2, '524412', 'ادريس عبد السلام', 'بوكموش', 'ذكر', '2005-08-16', 'twer', 'فاتح', 'هادية', 'عريبي', 'test', 'test', 'test', 'test', 'لا شي', '', 'عادية', '0558601124', '0558601124', 'سطيف حي 5 جويليا', '', 'برمجة', 'Members/524412/664988eb6b6491.32852794.jpeg', 'xl', 1, 1, 'قائد', '1900-01-03', '1', '2024-05-19 05:06:51', '2024-05-26 02:47:04', '1', 0, NULL),
(3, '341541', 'تجربة', 'تجربة 2', 'أنثى', '2007-06-17', 'سطيف', 'تجربة', 'تجربة', 'تجربة', 'test', 'test', 'test', 'test', 'وفاة الأب', 'الجد', 'عادية', '0772129130', '0772129130', 'سطيف بير نسا', 'سكري', 'كرة القدم', 'Members/341541/6656cade122eb6.83608426.png', 'l', 1, 0, 'مرشدات', '2019-07-10', '1', '2024-05-19 05:10:01', '2024-05-29 06:27:42', '1', 0, NULL),
(4, '357073', 'abdelmouiz', 'ali', 'ذكر', '2005-07-31', '', 'elhadii', 'fatama', 'ali', 'mota9a3d ', 'no', '', '', 'لا شي', '', 'عادية', '4585462', '0633494023', 'Algeria Setif 19000', '', 'sibq7', 'Members/357073/66524efd8041b2.48327227.jpeg', 'm', 0, 0, 'قائد', '1900-01-10', '1', '2024-05-25 20:50:05', '2024-05-25 21:03:48', '1', 0, NULL),
(5, '615184', 'شمس الدين', 'بلقرون', 'ذكر', '1999-01-01', 'تجربة', 'تجربة', 'تجربة', 'تجربة', 'test', 'test', '', '', 'لا شي', '', 'عادية', '0772129130', '0772129130', 'سطيف بير نسا', '', '', 'Members/615184/665f9782d88fd9.35940924.jpeg', 'm', 1, 1, 'قائد', '2024-03-01', '1', '2024-05-29 06:16:12', '2024-06-04 22:38:58', '1', 0, NULL),
(6, '097537', 'غيث', 'سالم', 'ذكر', '2014-06-11', 'سطيف', 'قادر', 'زهرة', 'بلخيري', 'بناء', 'ماكثة في البية', 'سباحة', 'متوسطة لغوق محمد', 'لا شي', NULL, 'عادية', NULL, '0678541123', 'سطيف عين طريق', NULL, 'كرة القدم', 'Members/user.png', NULL, 0, 0, 'كشاف', '2024-06-13', '1', '2024-06-13 07:18:54', '2024-06-13 07:29:08', '1', 0, NULL),
(7, '097538', 'يوسف', 'علي', 'ذكر', '2010-05-20', 'الجزائر', 'عمر', 'سعاد', 'بن عمار', 'مهندس', 'معلمة', 'كرة القدم', 'مدرسة النجاح', 'لا شي', NULL, 'جيدة', NULL, '0667123456', 'الجزائر وسط', NULL, 'قراءة', 'Members/user.png', NULL, 0, 0, 'كشاف', '2024-06-13', '1', '2024-06-13 07:24:47', '2024-06-13 07:29:09', '1', 0, NULL),
(8, '097539', 'ليلى', 'مراد', 'أنثى', '2012-07-14', 'البليدة', 'عبد الرحمن', 'نورة', 'بن سليمان', 'طبيب', 'محامية', 'رسم', 'مدرسة المستقبل', 'وفاة الأب', 'تجريب', 'عادية', '0000000', '0667234567', 'البليدة شرق', NULL, 'مطالعة', 'Members/user.png', NULL, 0, 0, 'زهرات', '2024-06-13', '1', '2024-06-13 07:24:47', '2024-06-13 07:29:09', '1', 0, NULL),
(9, '097540', 'أحمد', 'سعيد', 'ذكر', '2006-11-03', 'وهران', 'حسين', 'فاطمة', 'بن علوان', 'موظف حكومي', 'طبيبة', 'كرة اليد', 'مدرسة الحكمة', 'مطلقان', 'تجريب', 'سيئة', '0000000', '0667345678', 'وهران وسط', NULL, 'موسيقى', 'Members/user.png', NULL, 0, 0, 'جوال', '2024-06-13', '1', '2024-06-13 07:24:47', '2024-06-13 07:29:10', '1', 0, NULL),
(10, '097541', 'نادية', 'عبد الله', 'أنثى', '2008-03-18', 'قسنطينة', 'سمير', 'لطيفة', 'بن شريف', 'تاجر', 'ربة منزل', 'سباحة', 'مدرسة الأمل', 'لا شي', NULL, 'عادية', NULL, '0667456789', 'قسنطينة جنوب', NULL, 'فنون', 'Members/user.png', NULL, 0, 0, 'دليلات', '2024-06-13', '1', '2024-06-13 07:24:47', '2024-06-13 07:29:10', '1', 0, NULL),
(11, '097542', 'كريم', 'بن علي', 'ذكر', '2004-02-25', 'تيزي وزو', 'إبراهيم', 'زهية', 'بن حسين', 'مزارع', 'طبيبة', 'جري', 'مدرسة السلام', 'وفاة الأم', NULL, 'جيدة', NULL, '0667567890', 'تيزي وزو شمال', NULL, 'شطرنج', 'Members/user.png', NULL, 0, 0, 'جوال', '2024-06-13', '1', '2024-06-13 07:24:47', '2024-06-13 07:29:11', '1', 0, NULL),
(12, '097543', 'فاطمة', 'حسن', 'أنثى', '2005-12-30', 'سكيكدة', 'سفيان', 'أسماء', 'بن فرج', 'محاسب', 'معلمة', 'جودو', 'مدرسة المستقبل', 'وفاة كلا الوالدين', 'تجريب', 'سيئة جدا', '000000', '0667678901', 'سكيكدة شرق', NULL, 'خياطة', 'Members/user.png', NULL, 0, 0, 'مرشدات', '2024-06-13', '1', '2024-06-13 07:24:47', '2024-06-13 07:29:11', '1', 0, NULL),
(13, '097544', 'علي', 'عبد الكريم', 'ذكر', '2002-09-12', 'جيجل', 'كامل', 'هند', 'بن صالح', 'صيدلي', 'ممرضة', 'كاراتيه', 'مدرسة الاتحاد', 'لا شي', NULL, 'عادية', NULL, '0667789012', 'جيجل وسط', NULL, 'صيد', 'Members/user.png', NULL, 0, 0, 'قائد', '2024-06-13', '1', '2024-06-13 07:24:47', '2024-06-13 07:29:12', '1', 0, NULL),
(14, '097545', 'سمية', 'أمين', 'أنثى', '2001-08-22', 'باتنة', 'عبد الباسط', 'رحمة', 'بن يوسف', 'مدير', 'ممرضة', 'تنس', 'مدرسة النور', 'مطلقان', 'تجريب', 'جيدة', '00000', '0667890123', 'باتنة شمال', NULL, 'طبخ', 'Members/user.png', NULL, 0, 0, 'قائد', '2024-06-13', '1', '2024-06-13 07:24:47', '2024-06-13 07:29:12', '1', 0, NULL),
(15, '097546', 'محمد', 'عثمان', 'ذكر', '2003-01-17', 'عنابة', 'كريم', 'سارة', 'بن منصور', 'فني', 'محامية', 'جري', 'مدرسة المستقبل', 'لا شي', NULL, 'جيدة', NULL, '0668901234', 'عنابة شرق', NULL, 'قراءة', 'Members/user.png', NULL, 0, 0, 'قائد', '2024-06-13', '1', '2024-06-13 07:24:47', '2024-06-13 07:29:08', '1', 0, NULL),
(16, '097547', 'سارة', 'نصر', 'أنثى', '2015-11-09', 'بجاية', 'سعيد', 'خديجة', 'بن يوسف', 'مزارع', 'طبيبة', 'رسم', 'مدرسة الحكمة', 'وفاة الأب', 'تجريب', 'سيئة', '000000', '0669012345', 'بجاية وسط', NULL, 'مطالعة', 'Members/user.png', NULL, 0, 0, 'زهرات', '2024-06-13', '1', '2024-06-13 07:24:47', '2024-06-13 07:29:14', '1', 0, NULL),
(17, '097548', 'يوسف', 'زيد', 'ذكر', '2016-03-02', 'تلمسان', 'عبد القادر', 'زهور', 'بن خليل', 'مدير', 'محاسبة', 'سباحة', 'مدرسة الأمل', 'وفاة الأم', NULL, 'عادية', NULL, '0670123456', 'تلمسان شرق', NULL, 'فنون', 'Members/user.png', NULL, 0, 0, 'أشبال', '2024-06-13', '1', '2024-06-13 07:24:47', '2024-06-13 07:29:07', '1', 0, NULL),
(18, '097549', 'مريم', 'إبراهيم', 'أنثى', '2009-10-19', 'غرداية', 'عبد السلام', 'فاطمة', 'بن يوسف', 'مهندس', 'محامية', 'تنس', 'مدرسة النجاح', 'مطلقان', 'تجريب', 'جيدة', '000000000', '0671234567', 'غرداية وسط', NULL, 'موسيقى', 'Members/user.png', NULL, 0, 0, 'دليلات', '2024-06-13', '1', '2024-06-13 07:24:47', '2024-06-13 07:29:14', '1', 0, NULL),
(19, '097550', 'إبراهيم', 'يوسف', 'ذكر', '2011-12-28', 'بسكرة', 'حكيم', 'حليمة', 'بن أحمد', 'طبيب', 'معلمة', 'جودو', 'مدرسة المستقبل', 'وفاة كلا الوالدين', 'تجريب', 'سيئة جدا', '000000000', '0672345678', 'بسكرة وسط', NULL, 'شطرنج', 'Members/user.png', NULL, 0, 0, 'كشاف', '2024-06-13', '1', '2024-06-13 07:24:47', '2024-06-13 07:29:06', '1', 0, NULL),
(20, '097551', 'سلمى', 'محمد', 'أنثى', '2013-05-04', 'تيبازة', 'نور الدين', 'ليلى', 'بن سعيد', 'موظف حكومي', 'طبيبة', 'كاراتيه', 'مدرسة النجاح', 'وفاة الأم', NULL, 'عادية', NULL, '0673456789', 'تيبازة وسط', NULL, 'قراءة', 'Members/user.png', NULL, 0, 0, 'زهرات', '2024-06-13', '1', '2024-06-13 07:24:47', '2024-06-13 07:29:05', '1', 0, NULL),
(21, '097552', 'عمر', 'سفيان', 'ذكر', '2007-09-15', 'المدية', 'بشير', 'مريم', 'بن حمدان', 'فلاح', 'مدرسة', 'جري', 'مدرسة الحكمة', 'لا شي', NULL, 'عادية', NULL, '0674567890', 'المدية وسط', NULL, 'صيد', 'Members/user.png', NULL, 0, 0, 'كشاف', '2024-06-13', '1', '2024-06-13 07:24:47', '2024-06-13 07:29:15', '1', 0, NULL),
(22, '097553', 'ياسمين', 'عبد الحق', 'أنثى', '2008-07-22', 'تندوف', 'أنور', 'صفية', 'بن سليمان', 'مهندس', 'محامية', 'كرة اليد', 'مدرسة الأمل', 'وفاة الأب', 'تجريب', 'جيدة', '0000000000', '0675678901', 'تندوف وسط', NULL, 'مطالعة', 'Members/user.png', NULL, 0, 0, 'دليلات', '2024-06-13', '1', '2024-06-13 07:24:47', '2024-06-13 07:29:04', '1', 0, NULL),
(23, '097554', 'أسامة', 'نعيم', 'ذكر', '2014-01-20', 'سعيدة', 'رضوان', 'نسرين', 'بن عمور', 'صيدلي', 'مدرسة', 'جودو', 'مدرسة الاتحاد', 'لا شي', NULL, 'عادية', NULL, '0676789012', 'سعيدة وسط', NULL, 'خياطة', 'Members/user.png', NULL, 0, 0, 'أشبال', '2024-06-12', '1', '2024-06-13 07:24:47', '2024-06-13 07:29:03', '1', 0, NULL),
(24, '123456', 'علي', 'حسن', 'ذكر', '2010-05-15', 'سطيف', 'أحمد', 'فاطمة', 'علي', 'مدرس', 'طبيبة', 'كرة القدم', 'مدرسة الأمل', 'مطلقان', 'خال', 'جيدة', '12345678901234', '0678123456', 'الجزائر', NULL, 'السباحة', 'Members/user.png', 'M', 0, 0, 'كشاف', '2023-01-10', '1', '2024-06-13 07:48:21', '2024-06-13 07:48:21', '1', 0, NULL),
(25, '654321', 'سارة', 'جمعة', 'أنثى', '2008-11-20', 'الجزائر', 'علي', 'نور', 'سالم', 'مهندس', 'معلمة', 'كرة السلة', 'مدرسة النجاح', 'وفاة الأب', 'جد', 'عادية', '43210987654321', '0687654321', 'وهران', NULL, 'الرسم', 'Members/user.png', 'L', 0, 0, 'مرشدات', '2023-02-15', '1', '2024-06-13 07:48:21', '2024-06-13 07:48:21', '1', 0, NULL),
(26, '567890', 'محمد', 'صالح', 'ذكر', '2013-07-23', 'عنابة', 'عبدالله', 'زينب', 'محمد', 'فلاح', 'موظفة', 'سباحة', 'مدرسة المستقبل', 'لا شي', NULL, 'تحت المتوسط', '56789012345678', '0698765432', 'سطيف', NULL, 'كرة القدم', 'Members/user.png', 'M', 0, 0, 'أشبال', '2023-03-05', '1', '2024-06-13 07:48:21', '2024-06-13 07:48:21', '1', 0, NULL),
(27, '345678', 'نور', 'سعيد', 'أنثى', '2005-12-30', 'بجاية', 'مروان', 'ليلى', 'إبراهيم', 'نجار', 'طبيبة', 'كرة اليد', 'مدرسة الحرية', 'وفاة الأم', 'عم', 'سيئة', '34567890123456', '0665432109', 'قسنطينة', NULL, 'الغناء', 'Members/user.png', 'L', 0, 0, 'قائد', '2023-04-25', '1', '2024-06-13 07:48:21', '2024-06-13 07:48:21', '1', 0, NULL),
(28, '987654', 'يوسف', 'علي', 'ذكر', '2007-03-12', 'باتنة', 'جميل', 'سعاد', 'حسن', 'مزارع', 'ربة منزل', 'تنس الطاولة', 'مدرسة المجد', 'لا شي', NULL, 'سيئة جدا', '98765432109876', '0676543210', 'تيارت', NULL, 'القراءة', 'Members/user.png', 'M', 0, 0, 'كشاف', '2023-05-18', '1', '2024-06-13 07:48:21', '2024-06-13 07:48:21', '1', 0, NULL),
(29, '234567', 'مريم', 'خالد', 'أنثى', '2011-09-08', 'أدرار', 'محمود', 'نادية', 'رشيد', 'حداد', 'طبيبة', 'سباحة', 'مدرسة الوحدة', 'لا شي', NULL, 'جيدة', '23456789012345', '0684321098', 'تيزي وزو', NULL, 'التطريز', 'Members/user.png', 'L', 0, 0, 'زهرات', '2023-06-07', '1', '2024-06-13 07:48:21', '2024-06-13 07:48:21', '1', 0, NULL),
(30, '765432', 'عبدالرحمن', 'حسن', 'ذكر', '2006-04-01', 'الجلفة', 'ياسين', 'سميرة', 'إبراهيم', 'موظف', 'معلمة', 'جري', 'مدرسة الحياة', 'مطلقان', 'عم', 'تحت المتوسط', '76543210987654', '0673210987', 'الأغواط', NULL, 'الصيد', 'Members/user.png', 'M', 0, 0, 'جوال', '2023-07-13', '1', '2024-06-13 07:48:21', '2024-06-13 07:48:21', '1', 0, NULL),
(31, '876543', 'ليلى', 'محمود', 'أنثى', '2012-05-25', 'مستغانم', 'عمر', 'خديجة', 'سعيد', 'مدرس', 'موظفة', 'كرة الطائرة', 'مدرسة الأفق', 'وفاة كلا الوالدين', 'خال', 'سيئة جدا', '87654321098765', '0682109876', 'بشار', NULL, 'الرسم', 'Members/user.png', 'L', 0, 0, 'زهرات', '2023-08-22', '1', '2024-06-13 07:48:21', '2024-06-13 07:48:21', '1', 0, NULL),
(32, '852241', 'ياسر', 'باسم', 'ذكر', '2012-06-12', 'سيدي بلعباس', 'سفيان', 'أسماء', 'بن فرج', 'محاسب', 'معلمة', '', '', 'وفاة كلا الوالدين', 'تجريب', 'سيئة جدا', '000000', '0667678901', 'سكيكدة شرق', '', '', 'Members/user.png', '', 1, 1, 'كشاف', '2024-06-13', '1', '2024-06-13 18:21:54', '2024-06-13 18:22:39', '1', 0, NULL);

-- --------------------------------------------------------

--
-- Table structure for table `permissions`
--

CREATE TABLE `permissions` (
  `id` int NOT NULL,
  `permission_name` varchar(255) NOT NULL
) ENGINE=InnoDB DEFAULT CHARSET=utf8mb4 COLLATE=utf8mb4_general_ci;

--
-- Dumping data for table `permissions`
--

INSERT INTO `permissions` (`id`, `permission_name`) VALUES
(1, 'add_user'),
(2, 'edit_user'),
(3, 'delete_user'),
(4, 'show_users'),
(5, 'show_scout'),
(6, 'add_scout'),
(7, 'edit_scout'),
(8, 'delete_scout'),
(9, 'show_insurance'),
(10, 'add_insurance'),
(11, 'edit_insurance'),
(12, 'delete_insurance'),
(13, 'edit_insurance_settings'),
(14, 'edit_website_settings'),
(15, 'add_role_permission'),
(16, 'edit_role_permission'),
(17, 'delet_role_permission'),
(18, 'show_role_permission'),
(19, 'show_uniform'),
(20, 'add_uniform'),
(21, 'edit_uniform'),
(22, 'delete_uniform');

-- --------------------------------------------------------

--
-- Table structure for table `roles`
--

CREATE TABLE `roles` (
  `id` int NOT NULL,
  `role_name` varchar(255) NOT NULL
) ENGINE=InnoDB DEFAULT CHARSET=utf8mb4 COLLATE=utf8mb4_general_ci;

--
-- Dumping data for table `roles`
--

INSERT INTO `roles` (`id`, `role_name`) VALUES
(1, 'admin'),
(2, 'editor'),
(3, 'user');

-- --------------------------------------------------------

--
-- Table structure for table `role_permissions`
--

CREATE TABLE `role_permissions` (
  `role_id` int NOT NULL,
  `permission_id` int NOT NULL
) ENGINE=InnoDB DEFAULT CHARSET=utf8mb4 COLLATE=utf8mb4_general_ci;

--
-- Dumping data for table `role_permissions`
--

INSERT INTO `role_permissions` (`role_id`, `permission_id`) VALUES
(1, 1),
(1, 2),
(1, 3),
(1, 4),
(2, 4),
(3, 4),
(1, 5),
(2, 5),
(3, 5),
(1, 6),
(2, 6),
(1, 7),
(2, 7),
(1, 8),
(2, 8),
(1, 9),
(2, 9),
(3, 9),
(1, 10),
(2, 10),
(1, 11),
(2, 11),
(1, 12),
(2, 12),
(1, 13),
(2, 13),
(1, 14),
(1, 15),
(1, 16),
(1, 17),
(1, 18),
(3, 18),
(1, 19),
(1, 20),
(1, 21),
(1, 22);

-- --------------------------------------------------------

--
-- Table structure for table `scout_uniforms`
--

CREATE TABLE `scout_uniforms` (
  `id` int NOT NULL,
  `member_id` varchar(50) COLLATE utf8mb4_general_ci NOT NULL,
  `uniform_type` enum('قميص','شارة','منديل','قبعة','سترة','سروال') COLLATE utf8mb4_general_ci NOT NULL,
  `size` varchar(10) COLLATE utf8mb4_general_ci DEFAULT NULL,
  `amount_paid` decimal(10,2) NOT NULL,
  `payment_date` date DEFAULT NULL,
  `paid` tinyint(1) NOT NULL DEFAULT '0',
  `note` longtext COLLATE utf8mb4_general_ci,
  `created_at` timestamp NULL DEFAULT CURRENT_TIMESTAMP,
  `updated_at` timestamp NULL DEFAULT CURRENT_TIMESTAMP ON UPDATE CURRENT_TIMESTAMP
) ENGINE=InnoDB DEFAULT CHARSET=utf8mb4 COLLATE=utf8mb4_general_ci;

--
-- Dumping data for table `scout_uniforms`
--

INSERT INTO `scout_uniforms` (`id`, `member_id`, `uniform_type`, `size`, `amount_paid`, `payment_date`, `paid`, `note`, `created_at`, `updated_at`) VALUES
(1, '097539', 'قميص', 'xl', '800.00', '2024-08-07', 1, NULL, '2024-08-07 03:14:44', '2024-08-07 03:14:44');

-- --------------------------------------------------------

--
-- Table structure for table `settings`
--

CREATE TABLE `settings` (
  `id` int NOT NULL,
  `key` varchar(255) COLLATE utf8mb4_general_ci NOT NULL,
  `value` text CHARACTER SET utf8mb4 COLLATE utf8mb4_general_ci
) ENGINE=InnoDB DEFAULT CHARSET=utf8mb4 COLLATE=utf8mb4_general_ci;

--
-- Dumping data for table `settings`
--

INSERT INTO `settings` (`id`, `key`, `value`) VALUES
(1, 'site_name', 'فوج الانتصار سطيف'),
(2, 'logo', 'Logos/6648503bedf304.00515264.png'),
(3, 'icon', 'Icons/6648503beeaf71.23224409.png'),
(4, 'description', ' قدماء_الكشافة_الإسلامية_الجزائــرية المحافظة الولائية سطيف فوج الانتصار سطيف منظمة وطنية تربوية إنسانية اجتماعية شبابية تطوعية مستقلة ذات طابع المنفعة العمومية، تهدف إلى المساهمة في تنمية قدرات الأطفال والفتية والشباب روحيا وفكريا وبدنيا واجتماعيا ليكونوا مواطنين مسؤولين في وطنهم وصالحين لمجتمعهم.'),
(5, 'keywords', 'قدماء الكشافة الاسلامية الجزائرية,سطيف,الانتصار,فوج,فوج الانتصار,, home,intisar,magazine,كشافة,كشافة الإسلامية,الجزائر,setif,algria,كشافة  فوج الانتصار,فوج الانتصار سطيف,الإسلامية,كشافة الاسلاميةةجزائرية,كشافة جزائرية,كشافة الإسلامية الجزائرية,iba,idriss,boukmouche,إدريس,بوكموش,idriss boukmouche,المحافظة,الولائية,المحافظة الولائية سطيف,كشافة الاسلامية فوج الانتصار,كشافة الاسلامية جزائرية فوج الانتصار,كشافة الإسلامية فوج الانتصار,scout,ادارة فوج الانتصار'),
(6, 'email', 'intisar.sma.19@gmail.com'),
(7, 'phone', '0673848738'),
(8, 'address', 'Algeria Setif 19000'),
(9, 'smtp_email', 'intisar@nutribien.net'),
(10, 'smtp_password', '001144Az@'),
(11, 'smtp_host', 'mail.nutribien.net'),
(12, 'smtp_port', '465'),
(13, 'smtp_encryption', 'ssl'),
(14, 'amount_cubs', '100'),
(15, 'amount_sprouts', '110'),
(16, 'amount_scouts', '120'),
(17, 'amount_guides', '150'),
(18, 'amount_rangers', '140'),
(19, 'amount_leaders', '160'),
(20, 'amount_masters', '170'),
(21, 'amount_dalilat', '130'),
(22, 'governorate_state', 'سطيف');

-- --------------------------------------------------------

--
-- Table structure for table `users`
--

CREATE TABLE `users` (
  `id` int NOT NULL,
  `fr_name` varchar(255) COLLATE utf8mb4_general_ci NOT NULL,
  `ls_name` varchar(255) COLLATE utf8mb4_general_ci NOT NULL,
  `username` varchar(255) COLLATE utf8mb4_general_ci NOT NULL,
  `email` varchar(255) COLLATE utf8mb4_general_ci NOT NULL,
  `bio` longtext CHARACTER SET utf8mb4 COLLATE utf8mb4_general_ci,
  `avatar` varchar(255) CHARACTER SET utf8mb4 COLLATE utf8mb4_general_ci DEFAULT NULL,
  `password` varchar(255) COLLATE utf8mb4_general_ci NOT NULL,
  `access` int NOT NULL,
  `tokens` varchar(255) CHARACTER SET utf8mb4 COLLATE utf8mb4_general_ci DEFAULT NULL
) ENGINE=InnoDB DEFAULT CHARSET=utf8mb4 COLLATE=utf8mb4_general_ci;

--
-- Dumping data for table `users`
--

INSERT INTO `users` (`id`, `fr_name`, `ls_name`, `username`, `email`, `bio`, `avatar`, `password`, `access`, `tokens`) VALUES
(1, 'ادريس', 'بوكموش', 'idriss', 'boukemoucheidriss@gmail.com', '                                                                                                    مرحبا أنا ادريس                                                                                          ', 'Avatar/ادريس بوكموش/666b2fb94b0569.43960112.png', '$2y$10$gMS7w1c.9mNfrzeJZzaC7u3dmxik0vayyymEQEAGdZ.Jzyj3k9nDG', 1, '[]'),
(12, 'id', 'di', 'iba', 'a@b.c', NULL, 'Avatar/user.png', '$2y$10$RsKZ5h.eiauI0ldWvaHcS.SXvLUSLR9//MMyfbGN94Zkxq9Z.ygCG', 1, NULL);

-- --------------------------------------------------------

--
-- Table structure for table `user_roles`
--

CREATE TABLE `user_roles` (
  `user_id` int NOT NULL,
  `role_id` int NOT NULL
) ENGINE=InnoDB DEFAULT CHARSET=utf8mb4 COLLATE=utf8mb4_general_ci;

--
-- Dumping data for table `user_roles`
--

INSERT INTO `user_roles` (`user_id`, `role_id`) VALUES
(1, 1),
(12, 2);

--
-- Indexes for dumped tables
--

--
-- Indexes for table `algeria_cities`
--
ALTER TABLE `algeria_cities`
  ADD PRIMARY KEY (`id`);

--
-- Indexes for table `insurances`
--
ALTER TABLE `insurances`
  ADD PRIMARY KEY (`id`);

--
-- Indexes for table `members`
--
ALTER TABLE `members`
  ADD PRIMARY KEY (`id`),
  ADD UNIQUE KEY `member_id` (`member_id`);

--
-- Indexes for table `permissions`
--
ALTER TABLE `permissions`
  ADD PRIMARY KEY (`id`);

--
-- Indexes for table `roles`
--
ALTER TABLE `roles`
  ADD PRIMARY KEY (`id`);

--
-- Indexes for table `role_permissions`
--
ALTER TABLE `role_permissions`
  ADD PRIMARY KEY (`role_id`,`permission_id`),
  ADD KEY `permission_id` (`permission_id`);

--
-- Indexes for table `scout_uniforms`
--
ALTER TABLE `scout_uniforms`
  ADD PRIMARY KEY (`id`),
  ADD KEY `member_id` (`member_id`);

--
-- Indexes for table `settings`
--
ALTER TABLE `settings`
  ADD PRIMARY KEY (`id`);

--
-- Indexes for table `users`
--
ALTER TABLE `users`
  ADD PRIMARY KEY (`id`);

--
-- Indexes for table `user_roles`
--
ALTER TABLE `user_roles`
  ADD PRIMARY KEY (`user_id`,`role_id`),
  ADD KEY `role_id` (`role_id`);

--
-- AUTO_INCREMENT for dumped tables
--

--
-- AUTO_INCREMENT for table `insurances`
--
ALTER TABLE `insurances`
  MODIFY `id` int NOT NULL AUTO_INCREMENT, AUTO_INCREMENT=49;

--
-- AUTO_INCREMENT for table `members`
--
ALTER TABLE `members`
  MODIFY `id` int NOT NULL AUTO_INCREMENT, AUTO_INCREMENT=33;

--
-- AUTO_INCREMENT for table `permissions`
--
ALTER TABLE `permissions`
  MODIFY `id` int NOT NULL AUTO_INCREMENT, AUTO_INCREMENT=23;

--
-- AUTO_INCREMENT for table `roles`
--
ALTER TABLE `roles`
  MODIFY `id` int NOT NULL AUTO_INCREMENT, AUTO_INCREMENT=6;

--
-- AUTO_INCREMENT for table `scout_uniforms`
--
ALTER TABLE `scout_uniforms`
  MODIFY `id` int NOT NULL AUTO_INCREMENT, AUTO_INCREMENT=2;

--
-- AUTO_INCREMENT for table `settings`
--
ALTER TABLE `settings`
  MODIFY `id` int NOT NULL AUTO_INCREMENT, AUTO_INCREMENT=23;

--
-- AUTO_INCREMENT for table `users`
--
ALTER TABLE `users`
  MODIFY `id` int NOT NULL AUTO_INCREMENT, AUTO_INCREMENT=13;

--
-- Constraints for dumped tables
--

--
-- Constraints for table `role_permissions`
--
ALTER TABLE `role_permissions`
  ADD CONSTRAINT `role_permissions_ibfk_1` FOREIGN KEY (`role_id`) REFERENCES `roles` (`id`),
  ADD CONSTRAINT `role_permissions_ibfk_2` FOREIGN KEY (`permission_id`) REFERENCES `permissions` (`id`);

--
-- Constraints for table `scout_uniforms`
--
ALTER TABLE `scout_uniforms`
  ADD CONSTRAINT `scout_uniforms_ibfk_1` FOREIGN KEY (`member_id`) REFERENCES `members` (`member_id`);

--
-- Constraints for table `user_roles`
--
ALTER TABLE `user_roles`
  ADD CONSTRAINT `user_roles_ibfk_1` FOREIGN KEY (`user_id`) REFERENCES `users` (`id`),
  ADD CONSTRAINT `user_roles_ibfk_2` FOREIGN KEY (`role_id`) REFERENCES `roles` (`id`);
COMMIT;

/*!40101 SET CHARACTER_SET_CLIENT=@OLD_CHARACTER_SET_CLIENT */;
/*!40101 SET CHARACTER_SET_RESULTS=@OLD_CHARACTER_SET_RESULTS */;
/*!40101 SET COLLATION_CONNECTION=@OLD_COLLATION_CONNECTION */;
